Study Id,Source Database,Duplicate of,Authors,Year,Title,Venue,DOI,T/A Screen R1,T/A Screen R2,T/A Screen R3,T/A Result,FT Screen R1,FT Screen R2,FT Screen R3,FT Result,Exclusion reason
EET001,ScienceDirect,NA,"Bharathi, R. and Abirami, T. and Dhanasekaran, S. and Gupta, Deepak and Khanna, Ashish and Elhoseny, Mohamed and Shankar, K.",2020,Energy efficient clustering with disease diagnosis model for IoT based sustainable healthcare systems,Sustainable Computing: Informatics and Systems,10.1016/j.suscom.2020.100453,Yes,Yes,NA,Include,Yes,Yes,NA,Include,NA
EET002,MDPI Digital Library,NA,"Ansere, James Adu and Kamal, Mohsin and Khan, Izaz Ahmad and Aman, Muhammad Naveed",2023,Dynamic Resource Optimization for Energy-Efficient 6G-IoT Ecosystems,Sensors,10.3390/s23104711,Yes,Yes,NA,Include,No,No,NA,Exclude,EC6
EET003,IEEE Xplore,NA,Hamed Rahmani and Darshan Shetty and Mahmoud Wagih and Yasaman Ghasempour and Valentina Palazzi and Nuno B. Carvalho and Ricardo Correia and Alessandra Costanzo and Dieff Vital and Federico Alimenti and Jeff Kettle and Diego Masotti and Paolo Mezzanotte and Luca Roselli and Jasmin Grosinger,2023,"Next-Generation IoT Devices: Sustainable Eco-Friendly Manufacturing, Energy Harvesting, and Wireless Connectivity",IEEE Journal of Microwaves,10.1109/JMW.2022.3228683,No,No,NA,Exclude,NA,NA,NA,NA,EC3
EET004,MDPI Digital Library,NA,"Sajid, Junaid and Hayawi, Kadhim and Malik, Asad Waqar and Anwar, Zahid and Trabelsi, Zouheir",2023,A Fog Computing Framework for Intrusion Detection of Energy-Based Attacks on UAV-Assisted Smart Farming,Applied Sciences,10.3390/app13063857,No,No,NA,Exclude,NA,NA,NA,NA,EC5
EET005,IEEE Xplore,NA,"Kim, Taewoon and Qiao, Daji",2020,Energy-Efficient Data Collection for IoT Networks via Cooperative Multi-Hop UAV Networks,IEEE Transactions on Vehicular Technology,10.1109/TVT.2020.3027920,No,No,NA,Exclude,NA,NA,NA,NA,EC5
EET006,PubMed,NA,"Cui, Mengyao and Poovendran, Parthasarathy and Stewart Kirubakaran, S.",2021,Internet of things-based energy-efficient optimized heuristic framework to monitor sportsperson's health,Technology and Health Care,10.3233/THC-213007,No,No,NA,Exclude,NA,NA,NA,NA,EC6
EET007,Frontiers,NA,"Ahmed, Zeinab E. and Hasan, Mohammad Kamrul and Saeed, Rashid A. and Hassan, Rosilah and Islam, Shayla and Mokhtar, Rania A. and Khan, Sheroz and Akhtaruzzaman, Md",2020,Optimizing Energy Consumption for Cloud Internet of Things,Frontiers in Physics,10.3389/fphy.2020.00358,No,No,NA,Exclude,NA,NA,NA,NA,EC5
EET008,PubMed,NA,"Jan, Mian Ahmad and Khan, Fazlullah and Mastorakis, Spyridon and Adil, Muhammad and Akbar, Aamir and Stergiou, Nicholas",2021,LightIoT: Lightweight and secure communication for energy-efficient IoT in health informatics,IEEE Transactions on Green Communications and Networking,10.1109/TGCN.2021.3077318,Yes,Yes,NA,Include,Yes,Yes,NA,Include,NA
EET009,PubMed,NA,"Mylonas, Georgios and Paganelli, Federica and Cuffaro, Giovanni and Nesi, Ilaria and Karantzis, Dionysis",2021,Using gamification and IoT-based educational tools towards energy savings - some experiences from two schools in Italy and Greece,Journal of Ambient Intelligence and Humanized Computing,10.1007/s12652-020-02838-7,No,No,NA,Exclude,NA,NA,NA,NA,EC6
EET010,MDPI Digital Library,NA,"Fernando, Xavier and Lăzăroiu, George",2024,Energy-Efficient Industrial Internet of Things in Green 6G Networks,Applied Sciences,10.3390/app14188558,No,No,NA,Exclude,NA,NA,NA,NA,EC3
EET011,MDPI Digital Library,NA,"Su, Ziyi and Wang, Shiwei and Cai, Hongliu and Huang, Jiaxuan and Chen, Yourong and Zhang, Xudong and Alam, Muhammad",2024,A Secure and Efficient Authentication Scheme for Large-Scale IoT Devices Based on Zero-Knowledge Proof,Electronics,10.3390/electronics13183735,No,No,NA,Exclude,NA,NA,NA,NA,EC6
EET012,MDPI Digital Library,NA,"Jeon, Sangmin and Lee, Kangju and Lee, Kyeongwon and Lee, Woojoo",2024,Dynamic Performance and Power Optimization with Heterogeneous Processing-in-Memory for AI Applications on Edge Devices,Micromachines,10.3390/mi15101222,Yes,Yes,NA,Include,No,No,NA,Exclude,EC5
EET013,MDPI Digital Library,NA,"Farhan, Laith and Hameed, Rasha Subhi and Ahmed, Asraa Safaa and Fadel, Ali Hussein and Gheth, Waled and Alzubaidi, Laith and Fadhel, Mohammed A. and Al-Amidie, Muthana",2021,Energy Efficiency for Green Internet of Things (IoT) Networks: A Survey,Network,10.3390/network1030017,No,No,NA,Exclude,NA,NA,NA,NA,EC3
EET014,Frontiers,NA,"Singh, Richa and Ujjwal, R. L.",2023,Hybridized bio-inspired intrusion detection system for Internet of Things,Frontiers in Big Data,10.3389/fdata.2023.1081466,No,Yes,Yes,Include,No,No,NA,Exclude,EC5
EET015,MDPI Digital Library,NA,"Pereira, Felisberto and Correia, Ricardo and Pinho, Pedro and Lopes, Sérgio I. and Carvalho, Nuno Borges",2020,Challenges in Resource-Constrained IoT Devices: Energy and Communication as Critical Success Factors for Future IoT Deployment,Sensors,10.3390/s20226420,No,No,NA,Exclude,NA,NA,NA,NA,EC3
EET016,PubMed,NA,"Callebaut, Gilles and Leenders, Guus and Van Mulders, Jarne and Ottoy, Geoffrey and De Strycker, Lieven and Van Der Perre, Liesbet",2021,The Art of Designing Remote IoT Devices-Technologies and Strategies for a Long Battery Life,Sensors,10.3390/s21030913,No,No,NA,Exclude,NA,NA,NA,NA,EC3
EET017,ScienceDirect,NA,"Kim, Hakpyeong and Choi, Heeju and Kang, Hyuna and An, Jongbaek and Yeom, Seungkeun and Hong, Taehoon",2021,A systematic review of the smart energy conservation system: From smart homes to sustainable smart cities,Renewable and Sustainable Energy Reviews,10.1016/j.rser.2021.110755,No,No,NA,Exclude,NA,NA,NA,NA,EC3
EET018,MDPI Digital Library,NA,"Somula, Ramasubbareddy and Cho, Yongyun and Mohanta, Bhabendu Kumar",2024,SWARAM: Osprey Optimization Algorithm-Based Energy-Efficient Cluster Head Selection for Wireless Sensor Network-Based Internet of Things,Sensors,10.3390/s24020521,Yes,Yes,NA,Include,Yes,Yes,NA,Include,NA
EET019,ScienceDirect,NA,"Fakhar, Muhammad Zaman and Yalcin, Emre and Bilge, Alper",2022,A survey of smart home energy conservation techniques,Expert Systems with Applications,10.1016/j.eswa.2022.118974,No,No,NA,Exclude,NA,NA,NA,NA,EC3
EET020,MDPI Digital Library,NA,Naser Hossein Motlagh and Mahsa Mohammadrezaei and Julian Hunt and Behnam Zakeri,2020,Internet of things (IoT) and The Energy sector  ,Energies,10.3390/en13020494,No,No,NA,Exclude,NA,NA,NA,NA,EC3
EET021,MDPI Digital Library,NA,Hassan Elahi and Khushboo Munir and Marco Eugeni and Sofiane Atek and Paolo Gaudenzi,2020,Energy Harvesting towards self Powered IOT devices,Energies,10.3390/en13215528,No,No,NA,Exclude,NA,NA,NA,NA,EC3
EET022,ScienceDirect,NA,Miguel M. Martín-Lopo and Jaime Boal and Álvaro Sánchez-Miralles,2020,A literature review of IoT energy platforms aimed at end users,Computer Networks,10.1016/j.comnet.2020.107101,No,No,NA,Exclude,NA,NA,NA,NA,EC3
EET023,MDPI Digital Library,NA,Nallapaneni Manoj Kumar and Aneesh A. Chand and Maria Malvoni and Kushal A. Prasad and Kabir A. Mamun and F. R. Islam and Shauhrat S. Chopra,2020,"Distributed Energy Resources and the Application of AI, IOT and BlockChain in Smart Grids",Energies,10.3390/en13215739,No,No,NA,Exclude,NA,NA,NA,NA,EC5
EET024,MDPI Digital Library,NA,Jiwen Li and Jiapeng Dai and Alibek Issakhov and Sattam Fahad Almojil and Alireza Souri,2021,Towards decision Support systems for energy management in the smart industry and Internet of Things,Computers and Industrial Engineering,10.1016/j.cie.2021.107671,No,No,NA,Exclude,NA,NA,NA,NA,EC3
EET025,MDPI Digital Library,NA,Qamar Alfalouji and Thomas Schranz and Alexander Kümpel and Markus Schraven and Thomas Storek and Stephan Gross and Antonello Monti and Dirk Müller and Gerald Schweiger,2022,IOT Middleware Platforms for Smart Energy Systems: An Empirical Expert Survey,Buildings,10.3390/buildings12050526,No,No,NA,Exclude,NA,NA,NA,NA,EC6
EET026,research.ed.ac.uk,NA,Galini Tsoukaneri and Franscisco Garcia and Mahesh K Marina,2020,Narrowband IOT Device Energy Consumption Charaterization and Optimizations,"EWSN '20: Proceedings of the 2020 International Conference on Embedded Wireless Systems and Networks
",10.5555/3400306.3400308,No,No,NA,Exclude,NA,NA,NA,NA,EC5
EET027,search.proquest.com,NA,Nidhi Gupta and Research Scholar and Rupak Chakravarty,2021,Trends in IoT Research: A biblometric and Science mapping Analysis of Internet of Things,NA,NA,No,No,NA,Exclude,NA,NA,NA,NA,EC5
EET028,academia.edu,NA,Mathuri Gurunathan and Moamin A Mahmoud,2020,A review and development methodology of a lightweight security model for I0T-based smart devices,IJACSA International Journal of Advanced Computer Science and Applications,NA,No,No,NA,Exclude,NA,NA,NA,NA,EC3
EET029,MDPI Digital Library,NA,Pengcheng Xia and Mengfei Zang and Jie Zhao and Ting Ma and Jie Zhang and Changxu Ni and Jun Li and Yiyang Ni,2024,Decision Transformer-Based Efficient Data offloading in LEO-IOT,Entropy,10.3390/e26100846,Yes,No,Yes,Include,No,No,NA,Exclude,EC6
EET030,MDPI Digital Library,NA,Gionata Benelli and Giovanni Todaro and Matteo Monopoli and Gianluca Giuffrida and Massimiliano Donati and Luca Fanucci,2024,Empowering Edge Computing Development Onboard Satellites in the Space-IOT Era,Electronics (Switzerland),10.3390/electronics13193928,Yes,Yes,NA,Include,No,Yes,No,Exclude,EC5
EET031,MDPI Digital Library,NA,Raja Sravan Kumar Kovvali and Gopikrishnan Sundaram,2022,CETS: Enabling Sustainable IoT with Cooperative Energy Transfer Schedule towards 6G Era,Sensors,10.3390/s22176584,No,No,NA,Exclude,NA,NA,NA,NA,EC6
EET032,IEEE Xplore,NA,Gagandeep Kaur and Prasenjit Chanak and Mahua Bhattacharya,2020,Energy - Effecient Intelligent Routing Scheme for IoT-Enabled WSNs,IEEE Internet of Things Journal,10.1109/JIOT.2021.3051768,Yes,Yes,NA,Include,No,Yes,No,Exclude,EC5
EET033,SpringerLink,NA,S. K.Sathya Lakshmi Preeth and R. Dhanalakshmi and P. Mohamed Shakeel,2019,An intelligent approach for energy efficient trajectory design for mobile sink based IoT supported wireless sensor networks,Peer-to-Peer Networking and Applications,10.1007/s12083-019-00798-0,Yes,Yes,NA,Include,Yes,Yes,NA,Include,NA
EET034,Frontiers,NA,Shamsa Kanwal and Saba Inam and Rashid Ali and Omar Cheikhrouhou and Anis Koubaa,2022,Lightweight Non-communicative key exchanger protocol for IOT environments,Frontiers in Environmental Science,10.3389/fenvs.2022.996296,No,No,NA,Exclude,NA,NA,NA,NA,EC6
EET035,Frontiers,NA,Ashok Samraj Thangarajan and Thien Duc Nguyen and Mengyao Liu and Sam Michiels and Fan Yang and Ka Lok Man and Jieming Ma and Wouter Joosen and Danny Hughes,2022,Static: Low Frequency Energy Harvesting and power Transfer for the Internet of Things,Frontiers in Signal Processing,10.3389/frsip.2021.763299,Yes,Yes,NA,Include,Yes,Yes,NA,Include,NA
EET036,Frontiers,NA,Ebtesam Abdullah Al-Suhaimi and Meneerah Abdulrahman Aljafary and Tahani M. Alfareed and Hussah Abdullah Alshuyeh and Galyah Mohammed Alhamid and Bayan Sonbol and Atheel Almofleh and Fadwa Mohammed Alkulaifi and Reham Khalid Altwayan and Jamilah Naif Alharbi and Noha Mubarak Binmahfooz and Eman Saleh Alhasani and Huseyin Tombuloglu and Alia Saeed Rasdan and Amer A. lardhi and Abdulhadi Baykal and A. M. Homeida,2022,Nanogenerator-Based Sensors for Energy Harvesting from Cardiac Contraction,Frontiers in Energy Research,10.3389/fenrg.2022.900534,No,No,NA,Exclude,NA,NA,NA,NA,EC6
EET037,Frontiers,NA,Jarne Van Mulders and Sam Boeckx and Jona Cappelle and Liesbet Van der Perre and Lieven De Strycker,2024,"UAV-based Solution for extending the lifetime of IoT devices: efficiency, design and sustainability",Frontiers in Communications and Networks,10.3389/frcmn.2024.1341081,Yes,Yes,NA,Include,No,Yes,No,Exclude,EC5
EET038,IEEE Xplore,NA,Yang Wang and Kun Yang and Weixiang Wan and Yitian Zhang and Qiang Liu,2021,Energy Efficient Data and Energy Integrated Management Strategy for IoT Devices Based on RF Energy Harvesting,IEEE Internet of Things Journal,10.1109/JIOT.2021.3068040,Yes,Yes,NA,Include,Yes,Yes,NA,Include,NA
EET039,Frontiers,NA,Fabian Meder and Giovanna Adele Naselli and Barbara Mazzolai,2022,Wind dynamics and leaf motion: Approaching the design of high-tech devices for energy harvesting for operation on plant leaves,Frontiers in Plant Science,10.3389/fpls.2022.994429,No,No,NA,Exclude,NA,NA,NA,NA,EC5
EET040,IEEE Xplore,EET020,Naser Hossein Motlagh and Mahsa Mohammadrezaei and Julian Hunt and Behnam Zakeri,2020,Internet of things (IoT) and The Energy sector ,Energies,10.3390/en13020494,NA,NA,NA,NA,NA,NA,NA,NA,NA
EET041,IEEE Xplore,NA,"Yosuf, Barzan A. and Musa, Mohamed and Elgorashi, Taisir and Elmirghani, Jaafar",2020,Energy Efficient Distributed Processing for IoT,IEEE Access,10.1109/ACCESS.2020.3020744,Yes,Yes,NA,Include,Yes,Yes,NA,Include,NA
EET042,IEEE Xplore,EET038,Yang Wang and Kun Yang and Weixiang Wan and Yitian Zhang and Qiang Liu,2021,Energy Efficient Data and Energy Integrated Management Strategy for IoT Devices Based on RF Energy Harvesting,IEEE Internet of Things Journal,10.1109/JIOT.2021.3068040,NA,NA,NA,NA,NA,NA,NA,NA,NA
EET043,IEEE Xplore,NA,Wenliang Mao and Zhiwei Zhao and Zheng Chang and Geyong Min and Weifeng Gao,2021,Energy-Efficient Industrial Internet of Things: Overview and Open Issues,IEEE Transactions on Industrial Informatics,10.1109/TII.2021.3067026,No,No,NA,Exclude,NA,NA,NA,NA,EC3
EET044,MDPI Digital Library,NA,Mehdi Amirinasab Nasab and Shahaboddin Shamshirband and Anthony Chronopoulos and Amir Mosavi and Narjes Nabipour,2020,Energy-efficient method for wireless sensor networks low-power radio operation in internet of things,Electronics,10.3390/electronics9020320,Yes,Yes,NA,Include,Yes,Yes,NA,Include,NA
EET045,IEEE Xplore,NA,Mike O. Ojo and Stefano Giordano and Gregorio Procissi and Ilias N. Seitanidis,2018,"A Review of Low-End, Middle-End, and High-End Iot Devices",IEEE Access,10.1109/ACCESS.2018.2879615,No,No,NA,Exclude,NA,NA,NA,NA,EC3
EET046,MDPI Digital Library,NA,Daniel Oliveira and Miguel Costa and Sandro Pinto and Tiago Gomes,2020,The future of low-end motes in the internet of things: A prospective paper,Electronics,10.3390/electronics9010111,No,No,NA,Exclude,NA,NA,NA,NA,EC3
EET047,MDPI Digital Library,NA,Zhiyong Zha and Yifei Yang and Yongjun Xia and Zhaoyi Wang and Bin Luo and Kaihong Li and Chenkai Ye and Bo Xu and Kai Peng,2024,Energy-Efficient Joint Partitioning and Offloading for Delay-Sensitive CNN Inference in Edge Computing,Applied Sciences,10.3390/app14198656,Yes,Yes,NA,Include,No,No,NA,Exclude,EC5
EET048,IEEE Xplore,NA,Muhammad Abrar and Ushna Ajmal and Ziyad M. Almohaimeed and Xiang Gui and Rizwan Akram and Roha Masroor,2021,Energy Efficient UAV-Enabled Mobile Edge Computing for IoT Devices: A Review,IEEE Access,10.1109/ACCESS.2021.3112104,No,No,NA,Exclude,NA,NA,NA,NA,EC3
EET049,SpringerLink,NA,NA,2019,"Studies in Systems, Decision and Control 206 Energy Conservation for IoT Devices Concepts, Paradigms and Solutions",NA,10.1007/978-981-13-7399-2,No,No,NA,Exclude,NA,NA,NA,NA,EC4
EET050,MDPI Digital Library,NA,Mohamed Elhoseny and Mohammad Siraj and Khalid Haseeb and Muhammad Nawaz and Majid Altamimi and Mohammed I. Alghamdi,2022,Energy-Efficient Mobile Agent Protocol for Secure IoT Sustainable Applications,"Sustainability
",10.3390/su14148960,Yes,Yes,NA,Include,Yes,Yes,NA,Include,NA
EET051,IEEE Xplore,NA,Adeel Ahmed and Saima Abdullah and Muhammad Bukhsh and Israr Ahmad and Zaigham Mushtaq,2022,An Energy-Efficient Data Aggregation Mechanism for IoT Secured by Blockchain,IEEE Access,10.1109/ACCESS.2022.3146295,Yes,Yes,NA,Include,Yes,Yes,NA,Include,NA
EET052,IEEE Xplore,NA,Waleed Bin Qaim and Aleksandr Ometov and Antonella Molinaro and Ilaria Lener and Claudia Campolo and Elena Simona Lohan and Jari Nurmi,2020,Towards energy efficiency in the internet of wearable things: A systematic review,IEEE Access,10.1109/ACCESS.2020.3025270,No,No,NA,Exclude,NA,NA,NA,NA,EC3
EET053,ScienceDirect,NA,R.P. Meenaakshi Sundhari and K. Jaikumar,2020,IoT assisted Hierarchical Computation Strategic Making (HCSM) and Dynamic Stochastic Optimization Technique (DSOT) for energy optimization in wireless sensor networks for smart city monitoring,Computer Communications,10.1016/j.comcom.2019.11.032,Yes,Yes,NA,Include,Yes,Yes,NA,Include,NA
EET054,MDPI Digital Library,NA,Francisco Vázquez-Gallego and Pere Tuset-Peiró and Luis Alonso and Jesus Alonso-Zarate,2020,Delay and energy consumption analysis of frame slotted ALOHA variants for massive data collection in internet-of-things scenarios,Applied Sciences,10.3390/app10010327,Yes,Yes,NA,Include,No,No,NA,Exclude,EC5
EET055,MDPI Digital Library,NA,Fahad Qasmi and Irfan Muhammad and Hirley Alves and Matti Latva-aho,2024,Effective Energy Efficiency under Delay–Outage Probability Constraints and F-Composite Fading,Sensors,10.3390/s24072328,Yes,Yes,NA,Include,No,No,NA,Exclude,EC5
EET056,MDPI Digital Library,NA,Moteeb Al Moteri and Surbhi Bhatia Khan and Mohammed Alojail,2023,Machine Learning-Driven Ubiquitous Mobile Edge Computing as a Solution to Network Challenges in Next-Generation IoT,Systems,10.3390/systems11060308,Yes,Yes,NA,Include,No,No,NA,Exclude,EC6
EET057,MDPI Digital Library,EET016,Gilles Callebaut and Guus Leenders and Jarne Van Mulders and Geoffrey Ottoy and Lieven De Strycker and Liesbet Van der Perre,2021,The Art of Designing Remote IoT Devices-Technologies and Strategies for a Long Battery Life,Sensors,10.3390/s21030913,NA,NA,NA,NA,NA,NA,NA,NA,NA
EET058,JASTT,NA,Mohammed A. M. Sadeeq and Subhi Zeebaree,2021,Energy Management for Internet of Things via Distributed Systems,Journal of Applied Science and Technology Trends,10.38094/jastt20285,Yes,Yes,NA,Include,No,No,NA,Exclude,EC2
EET059,MDPI Digital Library,NA,Xinxin He and Zhifeng Zhang and Hao Zhou and Mingming Xu and Rongze Niu and Liwei Jing,2024,Research on Wireless Power Transfer Method for Intelligent Sensing Device of Non-Directly Buried Distribution Cables,Electronics,10.3390/electronics13081411,No,No,NA,Exclude,NA,NA,NA,NA,EC6
EET060,MDPI Digital Library,NA,Ashu Taneja and Nitin Saluja and Neeti Taneja and Ali Alqahtani and M. A. Elmagzoub and Asadullah Shaikh and Deepika Koundal,2022,Power Optimization Model for Energy Sustainability in 6G Wireless Networks,Sustainability,10.3390/su14127310,Yes,Yes,NA,Include,No,No,NA,Exclude,EC6
EET061,MDPI Digital Library,NA,Bernardino Pinto Neves and António Valente and Victor D. N. Santos,2024,Efficient Runtime Firmware Update Mechanism for LoRaWAN Class A Devices,Eng,10.3390/eng5040137,No,No,NA,Exclude,NA,NA,NA,NA,EC6
EET062,MDPI Digital Library,NA,Francesco Chiti and Simone Morosi and Claudio Bartoli,2024,An Integrated Software-Defined Networking–Network Function Virtualization Architecture for 5G RAN–Multi-Access Edge Computing Slice Management in the Internet of Industrial Things,Computers,10.3390/computers13090226,No,No,NA,Exclude,NA,NA,NA,NA,EC5
EET063,MDPI Digital Library,NA,"Singh, Ritesh Kumar and Puluckul, Priyesh Pappinisseri and Berkvens, Rafael and Weyn, Maarten",2020,Energy consumption analysis of LPWAN technologies and lifetime estimation for IoT application,Sensors,10.3390/s20174794,No,No,NA,Exclude,NA,NA,NA,NA,EC3
EET064,MDPI Digital Library,EET060,Ashu Taneja and Nitin Saluja and Neeti Taneja and Ali Alqahtani and M. A. Elmagzoub and Asadullah Shaikh and Deepika Koundal,2022,Power Optimization Model for Energy Sustainability in 6G Wireless Networks,Sustainability,10.3390/su14127310,NA,NA,NA,NA,NA,NA,NA,NA,NA
EET065,IEEE Xplore,NA,Pouya Kamalinejad and Chinmaya Mahapatra and Zhengguo Sheng and Shahriar Mirabbasi and Victor C. M. Leung and Yong Liang Guan,2015,Wireless Energy Harvesting for the Internet of Things,"IEEE Communications Magazine",10.1109/MCOM.2015.7120024,No,No,NA,Exclude,NA,NA,NA,NA,EC3
EET066,IEEE Xplore,NA,Teodora Sanislav and George Dan Mois and Sherali Zeadally and Silviu Corneliu Folea,2021,Energy Harvesting Techniques for Internet of Things (IoT),IEEE Access,10.1109/ACCESS.2021.3064066,No,No,NA,Exclude,NA,NA,NA,NA,EC3
EET067,MDPI Digital Library,EET021,Hassan Elahi and Khushboo Munir and Marco Eugeni and Sofiane Atek and Paolo Gaudenzi,2020,Energy harvesting towards self-powered iot devices,Energies,10.3390/en13215528,NA,NA,NA,NA,NA,NA,NA,NA,NA
EET068,MDPI Digital Library,NA,Timothy Miller and Stephen S. Oyewobi and Adnan M. Abu-Mahfouz and Gerhard P. Hancke,2020,Enabling a battery-less sensor node using dedicated radio frequency energy harvesting for complete off-grid applications,Energies,10.3390/en13205402,Yes,Yes,NA,Include,Yes,Yes,NA,Include,NA
EET069,MDPI Digital Library,NA,Sirine Rabah and Aida Zaier and Jaime Lloret and Hassen Dahman,2023,Efficiency Enhancement of a Hybrid Sustainable Energy Harvesting System Using HHHOPSO-MPPT for IoT Devices,"Sustainability
",10.3390/su151310252,Yes,Yes,NA,Include,Yes,Yes,NA,Include,NA
EET070,IEEE Xplore,EET003,Hamed Rahmani and Darshan Shetty and Mahmoud Wagih and Yasaman Ghasempour and Valentina Palazzi and Nuno B. Carvalho and Ricardo Correia and Alessandra Costanzo and Dieff Vital and Federico Alimenti and Jeff Kettle and Diego Masotti and Paolo Mezzanotte and Luca Roselli and Jasmin Grosinger,2023,"Next-Generation IoT Devices: Sustainable Eco-Friendly Manufacturing, Energy Harvesting, and Wireless Connectivity",IEEE Journal of Microwaves,10.1109/JMW.2022.3228683,NA,NA,NA,NA,NA,NA,NA,NA,NA
EET071,MDPI Digital Library,NA,Omar A. Saraereh and Amer Alsaraira and Imran Khan and Bong Jun Choi,2020,A hybrid energy harvesting design for on-body internet-of-things (IoT) networks,Sensors,10.3390/s20020407,Yes,Yes,NA,Include,Yes,Yes,NA,Include,NA
EET072,Google Scholar,NA,"S. R. K. Somayaji, M. Alazab, M. MK, A. Bucchiarone, C. L. Chowdhary and T. R. Gadekallu,",2020,A Framework for Prediction and Storage of Battery Life in IoT Devices using DNN and Blockchain,2020 IEEE Globecom Workshops,10.1109/GCWkshps50303.2020.9367413,No,Yes,Yes,Include,No,No,NA,Exclude,EC6
EET073,MDPI Digital Library,NA,Rachel Kufakunesu and Gerhard Hancke and Adnan Abu-Mahfouz,2022,A Fuzzy-Logic Based Adaptive Data Rate Scheme for Energy-Efficient LoRaWAN Communication,Journal of Sensor and Actuator Networks,10.3390/jsan11040065,Yes,Yes,NA,Include,Yes,Yes,NA,Include,NA
EET074,MDPI Digital Library,NA,Rachel Kufakunesu and Gerhard P. Hancke and Adnan M. Abu-Mahfouz,2024,Collision Avoidance Adaptive Data Rate Algorithm for LoRaWAN,Future Internet,10.3390/fi16100380,Yes,No,Yes,Include,Yes,Yes,NA,Include,NA
EET075,MDPI Digital Library,EET063,"Singh, Ritesh Kumar and Puluckul, Priyesh Pappinisseri and Berkvens, Rafael and Weyn, Maarten",2020,Energy consumption analysis of LPWAN technologies and lifetime estimation for IoT application,Sensors,10.3390/s20174794,NA,NA,NA,NA,NA,NA,NA,NA,NA
EET076,MDPI Digital Library,NA,Benyamin Teymuri and Reza Serati and Nikolaos Athanasios Anagnostopoulos and Mehdi Rasti,2023,LP-MAB: Improving the Energy Efficiency of LoRaWAN Using a Reinforcement-Learning-Based Adaptive Configuration Algorithm,Sensors,10.3390/s23042363,Yes,Yes,NA,Include,Yes,Yes,NA,Include,NA
EET077,MDPI Digital Library,NA,Phithak Thaenkaew and Bruno Quoitin and Ahmed Meddahi,2023,Leveraging Larger AES Keys in LoRaWAN: A Practical Evaluation of Energy and Time Costs,Sensors,10.3390/s23229172,Yes,Yes,NA,Include,Yes,Yes,NA,Include,NA
EET078,ScienceDirect,NA,Prakasam P. and Madheswaran M. and Sujith K.P. and Md Shohel Sayeed,2021,An Enhanced Energy Efficient Lightweight Cryptography Method for Various IoT Devices,ICT Express,10.1016/j.icte.2021.03.007,Yes,Yes,NA,Include,Yes,Yes,NA,Include,NA
EET079,Wiley Digital Library,NA,Celestine Iwendi and Praveen Kumar Reddy Maddikunta and Thippa Reddy Gadekallu and Kuruva Lakshmanna and Ali Kashif Bashir and Md Jalil Piran,2021,A Metaheuristic Optimization Approach for Energy Efficiency in the IoT Networks,Software - Practice and Experience,10.1002/spe.2797,Yes,Yes,NA,Include,Yes,Yes,NA,Include,NA
EET080,IEEE Xplore,EET052,Waleed Bin Qaim and Aleksandr Ometov and Antonella Molinaro and Ilaria Lener and Claudia Campolo and Elena Simona Lohan and Jari Nurmi,2020,Towards Energy Efficiency in the Internet of Wearable Things: A Systematic Review,IEEE Access,10.1109/ACCESS.2020.3025270,NA,NA,NA,NA,NA,NA,NA,NA,NA
EET081,IEEE Xplore,NA,Remus Teodorescu and Daniel-Ioan Stroe and Xin Sui and Xinrong Huang and Anirudh Budnar Acharya,2021,Smart Battery Concept: A Battery that Can Breathe,IET Conference Proceedings,10.1049/icp.2021.2527,Yes,Yes,NA,Include,No,No,NA,Exclude,EC5
EET082,MDPI Digital Library,"EET021, EET067",Hassan Elahi and Khushboo Munir and Marco Eugeni and Sofiane Atek and Paolo Gaudenzi,2020,Energy Harvesting towards Self-Powered IoT Devices,Energies,10.3390/en13215528,NA,NA,NA,NA,NA,NA,NA,NA,NA
EET083,IEEE Xplore,NA,Muhammad Tahir Abbas and Karl Johan Grinnemo and Johan Eklund and Stefan Alfredsson and Mohammad Rajiullah and Anna Brunstrom and Giuseppe Caso and Konstantinos Kousias and Ozgu Alay,2022,Energy-Saving Solutions for Cellular Internet of Things—A Survey,IEEE Access,10.1109/ACCESS.2022.3182400,No,No,NA,Exclude,NA,NA,NA,NA,EC3
EET084,IEEE Xplore,NA,S. Ezhil Pradha and A. Moshika and Balaji Natarajan and K. Andal and G. Sambasivam and M. Shanmugam,2021,Scheduled Access Strategy for Improving Sensor Node Battery Life Time and Delay Analysis of Wireless Body Area Network,IEEE Access,10.1109/ACCESS.2021.3139663,Yes,Yes,NA,Include,No,No,NA,Exclude,EC5
EET085,MDPI Digital Library,NA,Eljona Zanaj and Giuseppe Caso and Luca De Nardis and Alireza Mohammadpour and Özgü Alay and Maria Gabriella Di Benedetto,2021,Energy Efficiency in Short and Wide-Area IoT Technologies—A Survey,Technologies,10.3390/technologies9010022,No,No,NA,Exclude,NA,NA,NA,NA,EC3
EET086,IEEE Xplore,NA,Xiaofan Jiang and Heng zhang and Edgardo Alberto Barsallo Yi and Nithin Raghunathan and Charilaos Mousoulis and Somali Chaterji and Dimitrios Peroulis and Ali Shakouri and Saurabh Bagchi,2020,Hybrid Low-Power Wide-Area Mesh Network for IoT Applications,IEEE Internet of Things Journal,10.1109/JIOT.2020.3009228,Yes,No,Yes,Include,Yes,Yes,NA,Include,NA
EET087,IEEE Xplore,EET066,Teodora Sanislav and George Dan Mois and Sherali Zeadally and Silviu Corneliu Folea,2021,Energy Harvesting Techniques for Internet of Things (IoT),IEEE Access,10.1109/ACCESS.2021.3064066,NA,NA,NA,NA,NA,NA,NA,NA,NA
EET088,ScienceDirect,NA,Sherali Zeadally and Faisal Karim Shaikh and Anum Talpur and Quan Z. Sheng,2020,Design Architectures for Energy Harvesting in the Internet of Things,Renewable and Sustainable Energy Reviews,10.1016/j.rser.2020.109901,No,No,NA,Exclude,NA,NA,NA,NA,EC3
EET089,Hindawi,NA,Nermeen A. Eltresy and Osama M. Dardeer and Awab Al-Habal and Esraa Elhariri and Abdelrhman M. Abotaleb and Dalia N. Elsheakh and Ahmed Khattab and Shereen A. Taie and Hassan Mostafa and Hala A. Elsadek and Esmat A. Abdallah,2020,Smart Home IoT System by Using RF Energy Harvesting,Journal of Sensors,10.1155/2020/8828479,Yes,Yes,NA,Include,No,Yes,No,Exclude,EC5
EET090,IEEE Xplore,"EET003, EET070",Hamed Rahmani and Darshan Shetty and Mahmoud Wagih and Yasaman Ghasempour and Valentina Palazzi and Nuno B. Carvalho and Ricardo Correia and Alessandra Costanzo and Dieff Vital and Federico Alimenti and Jeff Kettle and Diego Masotti and Paolo Mezzanotte and Luca Roselli and Jasmin Grosinger,2022,"Next-Generation IoT Devices: Sustainable Eco-Friendly Manufacturing, Energy Harvesting, and Wireless Connectivity",IEEE Journal of Microwaves,10.1109/JMW.2022.3228683,NA,NA,NA,NA,NA,NA,NA,NA,NA
EET091,SpringerLink,NA,Venu Madhav Kuthadi and Rajalakshmi Selvaraj and S. Baskar and P. Mohamed Shakeel and Abhishek Ranjan,2021,Optimized Energy Management Model on Data Distributing Framework of Wireless Sensor Network in IoT System,Wireless Personal Communications,10.1007/s11277-021-08583-0,Yes,Yes,NA,Include,No,No,NA,Exclude,EC5
EET092,ACM Digital Library,NA,Shyam Krishnan Venkateswaran and Ching Lun Tai and Yoav Ben-Yehezkel and Yaron Alpert and Raghupathy Sivakumar,2021,"Extending Battery Life for Wi-Fi-Based IoT Devices: Modeling, Strategies, and Algorithm",Proceedings of the 19th ACM International Symposium on Mobility Management and Wireless Access,10.1145/3479241.3486699,Yes,Yes,NA,Include,Yes,Yes,NA,Include,NA
EET093,E3S,NA,M. Manikandan and Ammar Hameed Shnain and G. Mohammed and M. Rekha and R. Dhilipkumar,2024,Sustainable IoT: Designing Green and Energy Efficient Smart Devices,E3S Web of Conferences,10.1051/e3sconf/202456401006,No,No,NA,Exclude,NA,NA,NA,NA,EC3
EET094,IAEME,NA,Omkar Manohar Ghag,2023,Energy-Efficient WiFi Technologies for IoT Devices,International Journal of Internet of Things (IJIOT),NA,Yes,Yes,NA,Include,No,No,NA,Exclude,EC4
EET095,Research Gate,NA,Garima Verma and Shiva Prakash,2020,A Comparative Study Based on Different Energy Saving Mechanisms Based on Green Internet of Things (GIoT),"2020 8th International Conference on Reliability, Infocom Technologies and Optimization (Trends and Future Directions) (ICRITO)",10.1109/ICRITO48877.2020.9197848,No,No,NA,Exclude,NA,NA,NA,NA,EC3
EET096,WIMOB,NA,Ali Kadhum Idrees and Chady Abou Jaoude and Ali Kadhum M. Al-Qurabat,2020,Data Reduction and Cleaning Approach for Energy-Saving in Wireless Sensors Networks of IoT,"2020 16th International Conference on Wireless and Mobile Computing, Networking and Communications (WiMob)",10.1109/WiMob50308.2020.9253429,Yes,Yes,NA,Include,No,No,NA,Exclude,EC5
EET097,SCIRP Open Access,NA,Mr Abdul Saleem,2022,Presence Aware Power Saving Mode (PA-PSM) Enhancement for IoT Devices for Energy Conservation,Open Journal of Energy Efficiency,10.4236/ojee.2019.83007,Yes,Yes,NA,Include,No,No,NA,Exclude,EC5
EET098,SSRN,NA,Nguyen Thi Ha and Le Ngoc Yen and Luong Huy Tu and Nguyen Hoc Son,2023,Internets of Things Applications for Saving Energy,NA,10.2139/ssrn.4516366,Yes,No,Yes,Include,No,No,NA,Exclude,EC4
EET099,Wiley Digital Library,NA,Yang Wang and Kun Yang and Weixiang Wan and Haibo Mei,2020,Adaptive Energy Saving Algorithms for Internet of Things Devices Integrating End and Edge Strategies,Transactions on Emerging Telecommunications Technologies,10.1002/ett.4122,Yes,Yes,NA,Include,No,No,NA,Exclude,EC5
EET100,IEEE Xplore,NA,"Chen, Zhuojun and Wu, Ming and Zhou, Yifeng and Li, Renlong and Tan, Jinzhe and Ding, Ding",2023,PUF-CIM: SRAM-Based Compute-In-Memory With Zero Bit-Error-Rate Physical Unclonable Function for Lightweight Secure Edge Computing,IEEE Transactions on Very Large Scale Integration (VLSI) Systems,10.1109/TVLSI.2023.3277517,No,Yes,Yes,Include,No,Yes,Yes,Include,NA
EET101,IEEE Xplore,NA,"Hussain, Hameed and Zakarya, Muhammad and Ali, Ahmad and Khan, Ayaz Ali and Qazani, Mohammad Reza Chalak and Al-Bahri, Mahmood and Haleem, Muhammad",2024,Energy Efficient Real-Time Tasks Scheduling on High-Performance Edge-Computing Systems Using Genetic Algorithm,IEEE Access,10.1109/ACCESS.2024.3388837,Yes,Yes,NA,Include,Yes,Yes,NA,Include,NA
EET102,ScienceDirect,NA,"Azar, Joseph and Makhoul, Abdallah and Barhamgi, Mahmoud and Couturier, Raphaël",2019,An energy efficient IoT data compression approach for edge machine learning,Future Generation Computer Systems,10.1016/j.future.2019.02.005,Yes,Yes,NA,Include,Yes,Yes,NA,Include,NA
EET103,IEEE Xplore,NA,"Song, Zhengyu and Hao, Yuanyuan and Liu, Yuanwei and Sun, Xin",2021,Energy-Efficient Multiaccess Edge Computing for Terrestrial-Satellite Internet of Things,IEEE Internet of Things Journal,10.1109/JIOT.2021.3068141,Yes,Yes,NA,Include,Yes,Yes,NA,Include,NA
EET104,SAGE Journals,NA,"Leppänen, Teemu and Riekki, Jukka",2019,Energy efficient opportunistic edge computing for the Internet of Things,Web Intelligence,10.3233/WEB-190414,Yes,Yes,NA,Include,Yes,Yes,NA,Include,NA
EET105,IEEE Xplore,NA,"Mavromoustakis, Constandinos X. and Mastorakis, George and Mongay Batalla, Jordi",2019,A Mobile Edge Computing Model Enabling Efficient Computation Offload-Aware Energy Conservation,IEEE Access,10.1109/ACCESS.2019.2931362,Yes,Yes,NA,Include,Yes,Yes,NA,Include,NA
EET106,IEEE Xplore,NA,"Chen, Ying and Zhang, Ning and Zhang, Yongchao and Chen, Xin and Wu, Wen and Shen, Xuemin",2019,Energy Efficient Dynamic Offloading in Mobile Edge Computing for Internet of Things,IEEE Transactions on Cloud Computing,10.1109/TCC.2019.2898657,Yes,Yes,NA,Include,Yes,Yes,NA,Include,NA
EET107,Wiley Digital Library,NA,"Qasim Alazzawi, Mohammed and Sánchez‐Aarnoutse, Juan‐Carlos and Martínez‐Sala, Alejandro Santos and Cano, Maria‐Dolores",2025,"Green IoT: Energy Efficiency, Renewable Integration, and Security Implications",IET Networks,10.1049/ntw2.70003,No,No,NA,Exclude,NA,NA,NA,NA,EC3
EET108,Nature Portfolio,NA,"Sahu, Dinesh and {Nidhi} and Prakash, Shiv and Pandey, Vivek Kumar and Yang, Tiansheng and Rathore, Rajkumar Singh and Wang, Lu",2025,Edge assisted energy optimization for mobile AR applications for enhanced battery life and performance,Scientific Reports,10.1038/s41598-025-93731-w,Yes,Yes,NA,Include,Yes,Yes,NA,Include,NA
EET109,Nature Portfolio,NA,"Yang, Dexian and Yu, Jiong and He, Zhenzhen and Li, Ping",2025,Database energy saving strategy using blockchain and Internet of Things,Scientific Reports,10.1038/s41598-024-67265-6,Yes,No,Yes,Include,Yes,Yes,NA,Include,NA
EET110,MDPI Digital Library,NA,"Rojek, Izabela and Prokopowicz, Piotr and Piechowiak, Maciej and Kotlarz, Piotr and Náprstková, Nataša and Mikołajewski, Dariusz",2025,"The Impact of Data Analytics Based on Internet of Things, Edge Computing, and Artificial Intelligence on Energy Efficiency in Smart Environment",Applied Sciences,10.3390/app16010225,No,No,NA,Exclude,NA,NA,NA,NA,EC3
EET111,MDPI Digital Library,NA,"Kaliappan, Vishnu Kumar and Lalpet Ranganathan, Aravind Babu and Periasamy, Selvaraju and Thirumalai, Padmapriya and Nguyen, Tuan Anh and Jeon, Sangwoo and Min, Dugki and Choi, Enumi",2022,Energy-Efficient Offloading Based on Efficient Cognitive Energy Management Scheme in Edge Computing Device with Energy Optimization,Energies,10.3390/en15218273,Yes,Yes,NA,Include,Yes,Yes,NA,Include,NA
EET112,IEEE Xplore,NA,"Rajput, Meenal and Narayan Yadav, Ram",2025,Machine and Deep Learning Driven Energy Efficient Clustering in IOT-WSNs: A Review,IEEE Sensors Journal,10.1109/JSEN.2025.3613053,No,No,NA,Exclude,NA,NA,NA,NA,EC3
EET113,ScienceDirect,NA,"Nassra, Ihab and Capella, Juan V.",2025,Hybrid big data optimization based energy-efficient and AI-powered green architecture toward smart cities and 5G-IoT applications,Journal of Electronic Science and Technology,10.1016/j.jnlest.2025.100328,Yes,Yes,NA,Include,Yes,Yes,NA,Include,NA
EET114,IEEE Xplore,NA,"Malik, Usman Mahmood and Javed, Muhammad Awais and Zeadally, Sherali and Islam, Saif Ul",2022,Energy-Efficient Fog Computing for 6G-Enabled Massive IoT: Recent Trends and Future Opportunities,IEEE Internet of Things Journal,10.1109/JIOT.2021.3068056,No,No,NA,Exclude,NA,NA,NA,NA,EC3
EET115,IEEE Xplore,NA,"Sahoo, Subham K. and Dash, Abdhisuta and Mishra, Sambit K. and Puthal, Deepak",2025,Energy-Efficient Federated Learning Scheduler for VM Allocation in Edge-Cloud Continuum,IEEE Access,10.1109/ACCESS.2026.3650945,Yes,Yes,NA,Include,Yes,Yes,NA,Include,NA
EET116,SpringerLink,NA,"Zhang, Yang and Yang, Ling and Tan, Yan",2025,Energy-efficient adaptive routing in heterogeneous wireless sensor networks via hybrid PSO and dynamic clustering,Journal of Cloud Computing,10.1186/s13677-025-00768-3,Yes,Yes,NA,Include,Yes,Yes,NA,Include,NA
EET117,IEEE Xplore,NA,"Ramadan, Rabie A. and Sharif, Md. Haidar and Alreshidi, Eissa Jaber and Sharif, Md. Haris Uddin and Ince, Ibrahim Furkan and Kamberaj, Hiqmet and Khedr, Ahmed Y.",2021,Energy Coherent Fog Networks Using Multi-Sink Wireless Sensor Networks,IEEE Access,10.1109/ACCESS.2021.3135311,Yes,No,Yes,Include,Yes,Yes,NA,Include,NA
EET118,SpringerLink,NA,"Bacanin, Nebojsa and Antonijevic, Milos and Bezdan, Timea and Zivkovic, Miodrag and Venkatachalam, K. and Malebary, Sharaf",2023,Energy efficient offloading mechanism using particle swarm optimization in 5G enabled edge nodes,Cluster Computing,10.1007/s10586-022-03609-z,Yes,Yes,NA,Include,Yes,Yes,NA,Include,NA
EET119,SpringerLink,NA,"Rajalakshmi, M. C. and Pallavi, J.",2025,Efficient and secure data transmission in IoT using machine learning framework for energy optimization,International Journal of Information Technology,10.1007/s41870-025-02967-2,Yes,Yes,NA,Include,Yes,Yes,NA,Include,NA
EET120,SpringerLink,NA,"Xia, HaoJi and Cao, Jinyan",2025,An energy-aware technique for solving the offloading problem of mobile internet of things using an enhanced neural network-based optimization algorithm,Cluster Computing,10.1007/s10586-024-04986-3,Yes,Yes,NA,Include,Yes,Yes,NA,Include,NA
EET121,SpringerLink,NA,"Abdul-Qawy, Antar Shaddad H. and Srinivasulu, T.",2018,SEES: a scalable and energy-efficient scheme for green IoT-based heterogeneous wireless nodes,Journal of Ambient Intelligence and Humanized Computing,10.1007/s12652-018-0758-7,Yes,Yes,NA,Include,Yes,Yes,NA,Include,NA
EET122,Wiley Digital Library,NA,"Ballary, Ramachandra and Hegde, Rajeshwari M.",2025,An Advanced Energy Efficient Resource Allocation for Software‐Defined WSN Using Hybrid Optimization Algorithm,International Journal of Communication Systems,10.1002/dac.6111,Yes,Yes,NA,Include,Yes,Yes,NA,Include,NA
EET123,IEEE Xplore,NA,"Tseng, Fan-Hsun and Cho, Hsin-Hung and Chou, Li-Der and Chao, Han-Chieh",2014,Efficient Power Conservation Mechanism in Spline Function Defined WSN Terrain,IEEE Sensors Journal,10.1109/JSEN.2013.2290015,Yes,Yes,NA,Include,Yes,Yes,NA,Include,NA
EET124,SpringerLink,NA,"Jyoti, Amrita and Sharma, Rashmi and Singh, Pooja and Khatter, Harsh and Mishra, Rashmi",2023,Enhancing Network Efficiency and Extending Lifetime Through Delay Optimization and Energy Balancing Techniques,Wireless Personal Communications,10.1007/s11277-023-10812-7,Yes,Yes,NA,Include,No,Yes,Yes,Include,NA
EET125,Science and Information Organization Library,NA,"Gamage, Ta and Perera, Indika",2024,Optimizing Energy Efficient Cloud Architectures for Edge Computing: A Comprehensive Review,International Journal of Advanced Computer Science and Applications,10.14569/IJACSA.2024.0151161,No,No,NA,Exclude,NA,NA,NA,NA,EC3
EET126,SpringerLink,NA,"Sheng, Hao and Jun, Chen and Jianqun, Cui and Xiying, Fan and Zhen, Li",2024,An energy-efficient routing algorithm for dual-energy harvesting-assisted wireless sensor networks based on whale optimization strategy,The Journal of Supercomputing,10.1007/s11227-024-06536-5,Yes,Yes,NA,Include,Yes,Yes,NA,Include,NA
EET127,EAI Digital Libary,NA,"Hartono, Rudi and Mustika, I Wayan and Sulistyo, Selo",2026,"Metaheuristic Approaches for Energy Optimization in Wireless Sensor Networks: A Systematic Review of Trends, Challenges, and Future Directions",EAI Endorsed Transactions on Internet of Things,10.4108/eetiot.10328,No,No,NA,Exclude,NA,NA,NA,NA,EC3
EET128,IEEE Xplore,NA,"Guo, Haobo and Wu, Runze and Ma, Yijia and Li, Yong and Li, Sun and Qi, Bing and Sun, Yi",2024,Learning-Based Terminal-Edge Collaborative Energy-Efficient Routing Algorithm for Green RWSN,IEEE Transactions on Industrial Informatics,10.1109/TII.2024.3379641,Yes,Yes,NA,Include,Yes,Yes,NA,Include,NA
EET129,ScienceDirect,NA,"Wen, Jiabao and Yang, Jiachen and Wang, Tianying and Li, Yang and Lv, Zhihan",2023,Energy-efficient task allocation for reliable parallel computation of cluster-based wireless sensor network in edge computing,Digital Communications and Networks,10.1016/j.dcan.2022.06.014,Yes,Yes,NA,Include,Yes,Yes,NA,Include,NA
EET130,MDPI Digital Library,NA,"Thakur, Sumendra and Sarkar, Nurul I. and Yongchareon, Sira",2025,AI-Driven Energy-Efficient Routing in IoT-Based Wireless Sensor Networks: A Comprehensive Review,Sensors,10.3390/s25247408,No,No,NA,Exclude,NA,NA,NA,NA,EC3
EET131,IEEE Xplore,NA,"Huang, Xinyu and He, Lijun and Chen, Xing and Wang, Liejun and Li, Fan",2022,Revenue and Energy Efficiency-Driven Delay-Constrained Computing Task Offloading and Resource Allocation in a Vehicular Edge Computing Network: A Deep Reinforcement Learning Approach,IEEE Internet of Things Journal,10.1109/JIOT.2021.3116108,Yes,Yes,NA,Include,Yes,Yes,NA,Include,NA
EET132,IEEE Xplore,NA,"Liu, Binghong and Liu, Chenxi and Peng, Mugen",2021,Resource Allocation for Energy-Efficient MEC in NOMA-Enabled Massive IoT Networks,IEEE Journal on Selected Areas in Communications,10.1109/JSAC.2020.3018809,Yes,Yes,NA,Include,Yes,Yes,NA,Include,NA
EET133,MDPI Digital Library,NA,"Hidalgo-Fort, Eduardo and Blanco-Carmona, Pedro and Muñoz-Chavero, Fernando and Torralba, Antonio and Castro-Triguero, Rafael",2024,"Low-Cost, Low-Power Edge Computing System for Structural Health Monitoring in an IoT Framework",Sensors,10.3390/s24155078,Yes,Yes,NA,Include,Yes,Yes,NA,Include,NA
EET134,ScienceDirect,NA,"Mahenge, Michael Pendo John and Li, Chunlin and Sanga, Camilius A.",2022,Energy-efficient task offloading strategy in mobile edge computing for resource-intensive mobile applications,Digital Communications and Networks,10.1016/j.dcan.2022.04.001,Yes,Yes,NA,Include,Yes,Yes,NA,Include,NA
EET135,IEEE Xplore,NA,"Tun, Yan Kyaw and Park, Yu Min and Tran, Nguyen H. and Saad, Walid and Pandey, Shashi Raj and Hong, Choong Seon",2021,Energy-Efficient Resource Management in UAV-Assisted Mobile Edge Computing,IEEE Communications Letters,10.1109/LCOMM.2020.3026033,Yes,Yes,NA,Include,Yes,Yes,NA,Include,NA
EET136,IEEE Xplore,NA,"Hua, Wei and Liu, Peng and Huang, Linyu",2024,Energy-Efficient Resource Allocation for Heterogeneous Edge–Cloud Computing,IEEE Internet of Things Journal,10.1109/JIOT.2023.3293164,Yes,Yes,NA,Include,Yes,Yes,NA,Include,NA
EET137,IEEE Xplore,NA,"Liu, Xing and Yang, Jianfeng and Zou, Chengming and Chen, Qimei and Yan, Xin and Chen, Yuao and Cai, Chenran",2022,Collaborative Edge Computing With FPGA-Based CNN Accelerators for Energy-Efficient and Time-Aware Face Tracking System,IEEE Transactions on Computational Social Systems,10.1109/TCSS.2021.3059318,Yes,Yes,NA,Include,Yes,No,Yes,Include,NA
EET138,IEEE Xplore,NA,"Duan, Xuting and Zhou, Yukang and Tian, Daxin and Zhou, Jianshan and Sheng, Zhengguo and Shen, Xuemin",2022,Weighted Energy-Efficiency Maximization for a UAV-Assisted Multiplatoon Mobile-Edge Computing System,IEEE Internet of Things Journal,10.1109/JIOT.2022.3155608,Yes,Yes,NA,Include,Yes,Yes,NA,Include,NA
EET139,IEEE Xplore,NA,"Mondal, Manash Kumar and Banerjee, Sourav and Das, Debashis and Ghosh, Uttam and Al-Numay, Mohammed S. and Biswas, Utpal",2024,Toward Energy-Efficient and Cost-Effective Task Offloading in Mobile Edge Computing for Intelligent Surveillance Systems,IEEE Transactions on Consumer Electronics,10.1109/TCE.2024.3362396,Yes,Yes,NA,Include,Yes,Yes,NA,Include,NA
EET140,ScienceDirect,NA,"Muhoza, Aimé Cedric and Bergeret, Emmanuel and Brdys, Corinne and Gary, Francis",2023,Power consumption reduction for IoT devices thanks to Edge-AI: Application to human activity recognition,Internet of Things,10.1016/j.iot.2023.100930,Yes,Yes,NA,Include,Yes,Yes,NA,Include,NA
EET141,SpringerLink,NA,"Zhao, Li-hui and Zhang, Ji and Bah, Mohamed Jaward and Li, Zhao and Ying, Josh Jia-Ching and Muthanna, Ammar and Elgendy, Ibrahim A.",2025,Energy-Efficient Task Offloading in Multi-server Mobile Edge Computing Networks: A Deep Reinforcement Learning Approach,Arabian Journal for Science and Engineering,10.1007/s13369-025-10363-y,Yes,Yes,NA,Include,Yes,Yes,NA,Include,NA
EET142,SpringerLink,NA,"Naik, Banavath Balaji and Priyanka, Bollu and Ansari, Md. Sarfaraj Alam",2025,Energy-efficient task offloading and efficient resource allocation for edge computing: a quantum inspired particle swarm optimization approach,Cluster Computing,10.1007/s10586-024-04833-5,Yes,Yes,NA,Include,Yes,Yes,NA,Include,NA
EET143,IEEE Xplore,NA,"Bolourian, Mehdi and Shah-Mansouri, Hamed",2023,Energy-Efficient Task Offloading for Three-Tier Wireless-Powered Mobile-Edge Computing,IEEE Internet of Things Journal,10.1109/JIOT.2023.3238329,Yes,Yes,NA,Include,Yes,Yes,NA,Include,NA
EET144,IEEE Xplore,NA,"Lin, Zhijian and Yang, Jianjie and Wu, Celimuge and Chen, Pingping",2024,Energy-Efficient Task Offloading for Distributed Edge Computing in Vehicular Networks,IEEE Transactions on Vehicular Technology,10.1109/TVT.2024.3395893,Yes,Yes,NA,Include,Yes,Yes,NA,Include,NA
EET145,IEEE Xplore,NA,"Wu, Mengru and Song, Qingyang and Guo, Lei and Lee, Inkyu",2023,Energy-Efficient Secure Computation Offloading in Wireless Powered Mobile Edge Computing Systems,IEEE Transactions on Vehicular Technology,10.1109/TVT.2023.3236327,Yes,Yes,NA,Include,Yes,Yes,NA,Include,NA
EET146,SpringerLink,NA,"Hosseini, Entesar and Nickray, Mohsen and Ghanbari, Shamsollah",2023,Energy-efficient scheduling based on task prioritization in mobile fog computing,Computing,10.1007/s00607-022-01108-y,Yes,Yes,NA,Include,Yes,Yes,NA,Include,NA
EET147,IEEE Xplore,NA,"Ruby, Rukhsana and Yang, Hailiang and De Figueiredo, Felipe A. P. and Huynh-The, Thien and Wu, Kaishun",2023,Energy-Efficient Multiprocessor-Based Computation and Communication Resource Allocation in Two-Tier Federated Learning Networks,IEEE Internet of Things Journal,10.1109/JIOT.2022.3153996,Yes,Yes,NA,Include,Yes,Yes,NA,Include,NA
EET148,MDPI Digital Library,"EET063, EET075","Singh, Ritesh Kumar and Puluckul, Priyesh Pappinisseri and Berkvens, Rafael and Weyn, Maarten",2020,Energy Consumption Analysis of LPWAN Technologies and Lifetime Estimation for IoT Application,Sensors,10.3390/s20174794,NA,NA,NA,NA,NA,NA,NA,NA,NA
EET149,IEEE Xplore,NA,"Ben Sada, Abdelkarim and Khelloufi, Amar and Naouri, Abdenacer and Ning, Huansheng and Dhelim, Sahraoui",2024,Energy-Aware Selective Inference Task Offloading for Real-Time Edge Computing Applications,IEEE Access,10.1109/ACCESS.2024.3404272,Yes,Yes,NA,Include,Yes,Yes,NA,Include,NA
EET150,SpringerLink,NA,"Ranji, Ramtin and Mansoor, Ali Mohammed and Sani, Asmiza Abdul",2020,EEDOS: an energy-efficient and delay-aware offloading scheme based on device to device collaboration in mobile edge computing,Telecommunication Systems,10.1007/s11235-019-00595-3,No,Yes,Yes,Include,Yes,Yes,NA,Include,NA
EET151,Wiley Digital Library,NA,"Yan, Hui and Li, Ya and Zhu, Xiaomin and Zhang, Dayu and Wang, Ji and Chen, Huangke and Bao, Weidong",2021,EASE: Energy‐efficient task scheduling for edge computing under uncertain runtime and unstable communication conditions,Concurrency and Computation: Practice and Experience,10.1002/cpe.5465,Yes,Yes,NA,Include,Yes,Yes,NA,Include,NA
EET152,IEEE Xplore,NA,"Chen, Ying and Xu, Jiajie and Wu, Yuan and Gao, Jie and Zhao, Lian",2024,Dynamic Task Offloading and Resource Allocation for NOMA-Aided Mobile Edge Computing: An Energy Efficient Design,IEEE Transactions on Services Computing,10.1109/TSC.2024.3376240,Yes,Yes,NA,Include,Yes,Yes,NA,Include,NA
EET153,IEEE Xplore,NA,"Chen, Ying and Zhang, Ning and Zhang, Yongchao and Chen, Xin",2019,Dynamic Computation Offloading in Edge Computing for Internet of Things,IEEE Internet of Things Journal,10.1109/JIOT.2018.2875715,Yes,No,Yes,Include,Yes,Yes,NA,Include,NA
EET154,SpringerLink,NA,"Vinueza Naranjo, Paola G. and Baccarelli, Enzo and Scarpiniti, Michele",2018,Design and energy-efficient resource management of virtualized networked Fog architectures for the real-time support of IoT applications,The Journal of Supercomputing,10.1007/s11227-018-2274-0,Yes,Yes,NA,Include,Yes,Yes,NA,Include,NA
EET155,IEEE Xplore,NA,"Azizi, Sadoon and Othman, Majeed and Khamfroush, Hana",2023,DECO: A Deadline-Aware and Energy-Efficient Algorithm for Task Offloading in Mobile Edge Computing,IEEE Systems Journal,10.1109/JSYST.2022.3185011,Yes,Yes,NA,Include,Yes,Yes,NA,Include,NA
EET156,IEEE Xplore,NA,"Gu, Xiaohui and Zhang, Guoan and Wang, Mingxing and Duan, Wei and Wen, Miaowen and Ho, Pin-Han",2022,UAV-Aided Energy-Efficient Edge Computing Networks: Security Offloading Optimization,IEEE Internet of Things Journal,10.1109/JIOT.2021.3103391,Yes,Yes,NA,Include,Yes,Yes,NA,Include,NA
EET157,MDPI Digital Library,NA,"Fanariotis, Anastasios and Orphanoudakis, Theofanis and Kotrotsios, Konstantinos and Fotopoulos, Vassilis and Keramidas, George and Karkazis, Panagiotis",2023,Power Efficient Machine Learning Models Deployment on Edge IoT Devices,Sensors,10.3390/s23031595,Yes,No,Yes,Include,No,No,NA,Exclude,EC5
EET158,ScienceDirect,NA,"Zhu, Xiumin and Wang, Lingling and Li, Yumei and Song, Shudian and Ma, Shuyue and Yang, Feng and Zhai, Linbo",2022,Path planning of multi-UAVs based on deep Q-network for energy-efficient data collection in UAVs-assisted IoT,Vehicular Communications,10.1016/j.vehcom.2022.100491,No,No,NA,Exclude,NA,NA,NA,NA,EC6
EET159,IEEE Xplore,NA,"Pan, Chen and Xie, Mimi and Hu, Jingtong",2018,ENZYME: An Energy-Efficient Transient Computing Paradigm for Ultralow Self-Powered IoT Edge Devices,IEEE Transactions on Computer-Aided Design of Integrated Circuits and Systems,10.1109/TCAD.2018.2858478,Yes,Yes,NA,Include,Yes,Yes,NA,Include,NA
EET160,IEEE Xplore,NA,"Zhai, Zhiyuan and Dai, Xinhong and Duo, Bin and Wang, Xin and Yuan, Xiaojun",2022,Energy-Efficient UAV-Mounted RIS Assisted Mobile Edge Computing,IEEE Wireless Communications Letters,10.1109/LWC.2022.3206587,Yes,Yes,NA,Include,Yes,Yes,NA,Include,NA
EET161,IEEE Xplore,NA,"Dong, Yifan and Guo, Songtao and Liu, Jiadi and Yang, Yuanyuan",2019,Energy-Efficient Fair Cooperation Fog Computing in Mobile Edge Networks for Smart City,IEEE Internet of Things Journal,10.1109/JIOT.2019.2901532,Yes,Yes,NA,Include,Yes,Yes,NA,Include,NA
EET162,IEEE Xplore,NA,"Mao, Sun and Wu, Jinsong and Liu, Lei and Lan, Dapeng and Taherkordi, Amir",2022,Energy-Efficient Cooperative Communication and Computation for Wireless Powered Mobile-Edge Computing,IEEE Systems Journal,10.1109/JSYST.2020.3020474,Yes,Yes,NA,Include,Yes,Yes,NA,Include,NA
EET163,ScienceDirect,NA,"Feng, Hao and Guo, Songtao and Zhu, Anqi and Wang, Quyuan and Liu, Defang",2020,Energy-efficient user selection and resource allocation in mobile edge computing,Ad Hoc Networks,10.1016/j.adhoc.2020.102202,Yes,Yes,NA,Include,Yes,Yes,NA,Include,NA
EET164,SpringerLink,NA,"Huang, Pei-qiu and Wang, Yong and Wang, Ke-zhi",2020,Energy-efficient trajectory planning for a multi-UAV-assisted mobile edge computing system,Frontiers of Information Technology \& Electronic Engineering,10.1631/FITEE.2000315,Yes,Yes,NA,Include,Yes,Yes,NA,Include,NA
EET165,IEEE Xplore,NA,"Hao, Yixue and Chen, Min and Hu, Long and Hossain, M. Shamim and Ghoneim, Ahmed",2018,Energy Efficient Task Caching and Offloading for Mobile Edge Computing,IEEE Access,10.1109/ACCESS.2018.2805798,Yes,Yes,NA,Include,Yes,Yes,NA,Include,NA
EET166,IEEE Xplore,NA,"Singh, Arvind and Chawla, Nikhil and Ko, Jong Hwan and Kar, Monodeep and Mukhopadhyay, Saibal",2019,Energy Efficient and Side-Channel Secure Cryptographic Hardware for IoT-Edge Nodes,IEEE Internet of Things Journal,10.1109/JIOT.2018.2861324,Yes,Yes,NA,Include,Yes,Yes,NA,Include,NA
EET167,ScienceDirect,NA,"Singh, Amritpal and Aujla, Gagangeet Singh and Bali, Rasmeet Singh",2021,Container-based load balancing for energy efficiency in software-defined edge computing environment,Sustainable Computing: Informatics and Systems,10.1016/j.suscom.2020.100463,Yes,Yes,NA,Include,Yes,Yes,NA,Include,NA
EET168,IEEE Xplore,NA,"Du, Junhui and Wu, Huaming and Xu, Minxian and Buyya, Rajkumar",2024,Computation Energy Efficiency Maximization for NOMA-Based and Wireless-Powered Mobile Edge Computing With Backscatter Communication,IEEE Transactions on Mobile Computing,10.1109/TMC.2023.3328612,Yes,Yes,NA,Include,Yes,Yes,NA,Include,NA
EET169,MDPI Digital Library,NA,"Pham, Khoa Van and Tran, Son Bao and Nguyen, Tien Van and Min, Kyeong-Sik",2019,Asymmetrical Training Scheme of Binary-Memristor-Crossbar-Based Neural Networks for Energy-Efficient Edge-Computing Nanoscale Systems,Micromachines,10.3390/mi10020141,Yes,Yes,NA,Include,Yes,Yes,NA,Include,NA
EET170,ScienceDirect,NA,"Shukla, Satyam and Jha, Punyesh Kumar and Ray, Kailash Chandra",2023,An energy-efficient single-cycle RV32I microprocessor for edge computing applications,Integration,10.1016/j.vlsi.2022.09.005,Yes,Yes,NA,Include,Yes,Yes,NA,Include,NA
EET171,ScienceDirect,NA,"Yu, Xue-Yong and Niu, Wen-Jin and Zhu, Ye and Zhu, Hong-Bo",2024,UAV-assisted cooperative offloading energy efficiency system for mobile edge computing,Digital Communications and Networks,10.1016/j.dcan.2022.03.005,Yes,Yes,NA,Include,Yes,Yes,NA,Include,NA
EET172,MDPI Digital Library,NA,"Fanariotis, Anastasios and Orphanoudakis, Theofanis and Fotopoulos, Vassilis",2024,Reducing the Power Consumption of Edge Devices Supporting Ambient Intelligence Applications,Information,10.3390/info15030161,Yes,Yes,NA,Include,No,Yes,No,Exclude,EC5
EET173,IEEE Xplore,NA,"Liang, Jingxuan and Xing, Hong and Wang, Feng and Lau, Vincent K. N.",2023,Joint Task Offloading and Cache Placement for Energy-Efficient Mobile Edge Computing Systems,IEEE Wireless Communications Letters,10.1109/LWC.2023.3240476,No,No ,NA,Exclude,NA,NA,NA,NA,EC4
EET174,IEEE Xplore,NA,"Deng, Xiaoheng and Li, Jun and Guan, Peiyuan and Zhang, Lan",2022,Energy-Efficient UAV-Aided Target Tracking Systems Based on Edge Computing,IEEE Internet of Things Journal,10.1109/JIOT.2021.3091216,Yes,Yes,NA,Include,No,Yes,Yes,Include,NA
EET175,IEEE Xplore,NA,"Al-Shuwaili, Ali and Simeone, Osvaldo",2017,Energy-Efficient Resource Allocation for Mobile Edge Computing-Based Augmented Reality Applications,IEEE Wireless Communications Letters,10.1109/LWC.2017.2696539,Yes,Yes,NA,Include,Yes,Yes,NA,Include,NA
EET176,IEEE Xplore,NA,"Mei, Jing and Tong, Zhao and Li, Kenli and Zhang, Lianming and Li, Keqin",2023,Energy-Efficient Heuristic Computation Offloading With Delay Constraints in Mobile Edge Computing,IEEE Transactions on Services Computing,10.1109/TSC.2023.3324604,Yes,Yes,NA,Include,Yes,Yes,NA,Include,NA
EET177,IEEE Xplore,NA,"Cheng, Yulun and Zhao, Haitao and Xia, Wenchao",2022,Energy-Aware Offloading and Power Optimization in Full-Duplex Mobile Edge Computing-Enabled Cellular IoT Networks,IEEE Sensors Journal,10.1109/JSEN.2022.3218584,Yes,Yes,NA,Include,Yes,Yes,NA,Include,NA
EET178,IEEE Xplore,EET041,"Yosuf, Barzan A. and Musa, Mohamed and Elgorashi, Taisir and Elmirghani, Jaafar",2020,Energy Efficient Distributed Processing for IoT,IEEE Access,10.1109/ACCESS.2020.3020744,NA,NA,NA,NA,NA,NA,NA,NA,NA
EET179,MDPI Digital Library,NA,"Khan, Prince Waqas and Abbas, Khizar and Shaiba, Hadil and Muthanna, Ammar and Abuarqoub, Abdelrahman and Khayyat, Mashael",2020,Energy Efficient Computation Offloading Mechanism in Multi-Server Mobile Edge Computing—An Integer Linear Optimization Approach,Electronics,10.3390/electronics9061010,Yes,Yes,NA,Include,Yes,Yes,NA,Include,NA
EET180,IEEE Xplore,NA,"Masoudi, Meysam and Cavdar, Cicek",2021,Device vs Edge Computing for Mobile Services: Delay-Aware Decision Making to Minimize Power Consumption,IEEE Transactions on Mobile Computing,10.1109/TMC.2020.2999784,Yes,Yes,NA,Include,Yes,Yes,NA,Include,NA
EET181,IEEE Xplore,NA,"Zhan, Cheng and Hu, Han and Sui, Xiufeng and Liu, Zhi and Niyato, Dusit",2020,Completion Time and Energy Optimization in the UAV-Enabled Mobile-Edge Computing System,IEEE Internet of Things Journal,10.1109/JIOT.2020.2993260,Yes,Yes,NA,Include,Yes,Yes,NA,Include,NA
EET182,IEEE Xplore,NA,"Kumari, Preti and Mishra, Rahul and Gupta, Hari Prabhat and Dutta, Tanima and Das, Sajal K.",2022,An Energy Efficient Smart Metering System Using Edge Computing in LoRa Network,IEEE Transactions on Sustainable Computing,10.1109/TSUSC.2021.3049705,Yes,Yes,NA,Include,Yes,Yes,NA,Include,NA
EET183,IEEE Xplore,NA,"Sharma, Pradip Kumar and Rathore, Shailendra and Jeong, Young-Sik and Park, Jong Hyuk",2018,SoftEdgeNet: SDN Based Energy-Efficient Distributed Network Architecture for Edge Computing,IEEE Communications Magazine,10.1109/MCOM.2018.1700822,Yes,Yes,NA,Include,Yes,Yes,NA,Include,NA
EET184,ScienceDirect,NA,"Razaque, Abdul and Jararweh, Yaser and Alotaibi, Bandar and Alotaibi, Munif and Almiani, Muder",2022,Hybrid energy-efficient algorithm for efficient Internet of Things deployment,Sustainable Computing: Informatics and Systems,10.1016/j.suscom.2022.100715,Yes,Yes,NA,Include,Yes,Yes,NA,Include,NA
EET185,IEEE Xplore,NA,"Zhang, Xiaochen and Zhang, Jiao and Xiong, Jun and Zhou, Li and Wei, Jibo",2020,Energy-Efficient Multi-UAV-Enabled Multiaccess Edge Computing Incorporating NOMA,IEEE Internet of Things Journal,10.1109/JIOT.2020.2980035,Yes,Yes,NA,Include,Yes,Yes,NA,Include,NA
EET186,IEEE Xplore,NA,"Zhang, Yu and Gong, Yanmin and Guo, Yuanxiong",2024,Energy-Efficient Resource Management for Multi-UAV-Enabled Mobile Edge Computing,IEEE Transactions on Vehicular Technology,10.1109/TVT.2024.3379298,Yes,Yes,NA,Include,Yes,Yes,NA,Include,NA
EET187,IEEE Xplore,NA,"Chen, Wei and Zou, Yulong and Zhu, Jia and Zhai, Liangsen",2025,Energy-Efficiency Optimization of Active Flying-RIS-Assisted Mobile-Edge Computing Networks: A Deep-Reinforcement-Learning Approach,IEEE Internet of Things Journal,10.1109/JIOT.2025.3556246,Yes,Yes,NA,Include,Yes,Yes,NA,Include,NA
EET188,IEEE Xplore,NA,"Trinh, Huy and Chemodanov, Dmitrii and Yao, Shizeng and Lei, Qing and Zhang, Bo and Gao, Fan and Calyam, Prasad and Palaniappan, Kannappan",2017,Energy-aware Mobile Edge Computing for Low-Latency Visual Data Processing,2017 IEEE 5th International Conference on Future Internet of Things and Cloud (FiCloud),10.1109/FiCloud.2017.13,Yes,Yes,NA,Include,Yes,Yes,NA,Include,NA
EET189,IEEE Xplore,NA,"Han, Shujun and Xu, Xiaodong and Fang, Sisai and Sun, Yan and Cao, Yue and Tao, Xiaofeng and Zhang, Ping",2019,Energy Efficient Secure Computation Offloading in NOMA-Based mMTC Networks for IoT,IEEE Internet of Things Journal,10.1109/JIOT.2019.2904741,Yes,Yes,NA,Include,Yes,Yes,NA,Include,NA
EET190,ACM Digital Library,NA,"Ghasemi, Mehdi and Rakhmatov, Daler and Wu, Carole-Jean and Vrudhula, Sarma",2022,EdgeWise: Energy-efficient CNN Computation on Edge Devices under Stochastic Communication Delays,ACM Transactions on Embedded Computing Systems,10.1145/3530908,Yes,Yes,NA,Include,Yes,Yes,NA,Include,NA
EET191,IEEE Xplore,NA,"Benninger, Simon and Magno, Michele and Gomez, Andres and Benini, Luca",2019,EdgeEye: A Long-Range Energy-Efficient Vision Node For Long-Term Edge Computing,2019 Tenth International Green and Sustainable Computing Conference (IGSC),10.1109/IGSC48788.2019.8957170,Yes,Yes,NA,Include,Yes,Yes,NA,Include,NA
EET192,SAGE Journals,NA,"Babar, Mohammad and Sohail Khan, Muhammad",2021,ScalEdge: A framework for scalable edge computing in Internet of things–based smart systems,International Journal of Distributed Sensor Networks,10.1177/15501477211035332,No,Yes,Yes,Include,Yes,Yes,NA,Include,NA
EET193,IEEE Xplore,NA,"Khan, Israr and Tao, Xiaofeng and Rahman, G. M. Shafiqur and Rehman, Waheed Ur and Salam, Tabinda",2020,Advanced Energy-Efficient Computation Offloading Using Deep Reinforcement Learning in MTC Edge Computing,IEEE Access,10.1109/ACCESS.2020.2991057,Yes,Yes,NA,Include,Yes,Yes,NA,Include,NA
EET194,IEEE Xplore,NA,"Gusev, Marjan and Koteska, Bojana and Kostoska, Magdalena and Jakimovski, Boro and Dustdar, Schahram and Scekic, Ognjen and Rausch, Thomas and Nastic, Stefan and Ristov, Sasko and Fahringer, Thomas",2019,A Deviceless Edge Computing Approach for Streaming IoT Applications,IEEE Internet Computing,10.1109/MIC.2019.2892219,Yes,No,Yes,Include,Yes,Yes,NA,Include,NA
EET195,IEEE Xplore,NA,"Hassan, Najmul and Gillani, Saira and Ahmed, Ejaz and Yaqoob, Ibrar and Imran, Muhammad",2018,The Role of Edge Computing in Internet of Things,IEEE Communications Magazine,10.1109/MCOM.2018.1700906,No,No,NA,Exclude,NA,NA,NA,NA,EC3
EET196,IEEE Xplore,NA,"Yang, Lichao and Zhang, Heli and Li, Ming and Guo, Jun and Ji, Hong",2018,Mobile Edge Computing Empowered Energy Efficient Task Offloading in 5G,IEEE Transactions on Vehicular Technology,10.1109/TVT.2018.2799620,Yes,Yes,NA,Include,Yes,Yes,NA,Include,NA
EET197,IEEE Xplore,NA,"Ning, Zhaolong and Huang, Jun and Wang, Xiaojie and Rodrigues, Joel J. P. C. and Guo, Lei",2019,Mobile Edge Computing-Enabled Internet of Vehicles: Toward Energy-Efficient Scheduling,IEEE Network,10.1109/MNET.2019.1800309,Yes,Yes,NA,Include,Yes,Yes,NA,Include,NA
EET198,ScienceDirect,NA,"Abbasi, M. and Mohammadi-Pasand, E. and Khosravi, M.R.",2021,Intelligent workload allocation in IoT–Fog–cloud architecture towards mobile edge computing,Computer Communications,10.1016/j.comcom.2021.01.022,Yes,Yes,NA,Include,Yes,Yes,NA,Include,NA
EET199,IEEE Xplore,NA,"Salh, Adeb and Ngah, Razali and Audah, Lukman and Kim, Kwang Soon and Abdullah, Qazwan and Al-Moliki, Yahya M. and Aljaloud, Khaled A. and Talib, Hairul Nizam",2023,Energy-Efficient Federated Learning With Resource Allocation for Green IoT Edge Intelligence in B5G,IEEE Access,10.1109/ACCESS.2023.3244099,Yes,Yes,NA,Include,Yes,Yes,NA,Include,NA
EET200,IEEE Xplore,NA,"Alharbi, Hatem A. and Aldossary, Mohammad",2021,Energy-Efficient Edge-Fog-Cloud Architecture for IoT-Based Smart Agriculture Environment,IEEE Access,10.1109/ACCESS.2021.3101397,Yes,Yes,NA,Include,Yes,Yes,NA,Include,NA
EET201,IEEE Xplore,NA,"Guo, Mian and Li, Lei and Guan, Quansheng",2019,Energy-Efficient and Delay-Guaranteed Workload Allocation in IoT-Edge-Cloud Computing Systems,IEEE Access,10.1109/ACCESS.2019.2922992,Yes,Yes,NA,Include,Yes,Yes,NA,Include,NA
EET202,MDPI Digital Library,NA,"Zhang, Heng and Chen, Zhigang and Wu, Jia and Deng, Yiqing and Xiao, Yutong and Liu, Kanghuai and Li, Mingxuan",2018,Energy-Efficient Online Resource Management and Allocation Optimization in Multi-User Multi-Task Mobile-Edge Computing Systems with Hybrid Energy Harvesting,Sensors,10.3390/s18093140,Yes,Yes,NA,Include,Yes,Yes,NA,Include,NA
EET203,IEEE Xplore,NA,"Trinh, Huy and Calyam, Prasad and Chemodanov, Dmitrii and Yao, Shizeng and Lei, Qing and Gao, Fan and Palaniappan, Kannappan",2018,Energy-Aware Mobile Edge Computing and Routing for Low-Latency Visual Data Processing,IEEE Transactions on Multimedia,10.1109/TMM.2018.2865661,Yes,Yes,NA,Include,Yes,Yes,NA,Include,NA
EET204,IEEE Xplore,NA,"Li, Shilin and Tao, Yunzheng and Qin, Xiaoqi and Liu, Long and Zhang, Zhi and Zhang, Ping",2019,Energy-Aware Mobile Edge Computation Offloading for IoT Over Heterogenous Networks,IEEE Access,10.1109/ACCESS.2019.2893118,Yes,Yes,NA,Include,Yes,Yes,NA,Include,NA
EET205,IEEE Xplore,NA,"Irtija, Nafis and Anagnostopoulos, Iraklis and Zervakis, Georgios and Tsiropoulou, Eirini Eleni and Amrouch, Hussam and Henkel, Jorg",2021,Energy Efficient Edge Computing Enabled by Satisfaction Games and Approximate Computing,IEEE Transactions on Green Communications and Networking,10.1109/TGCN.2021.3122911,Yes,Yes,NA,Include,Yes,Yes,NA,Include,NA
EET206,ScienceDirect,NA,"Wu, Gaoxiang and Miao, Yiming and Zhang, Yu and Barnawi, Ahmed",2020,Energy efficient for UAV-enabled mobile edge computing networks: Intelligent task prediction and offloading,Computer Communications,10.1016/j.comcom.2019.11.037,Yes,Yes,NA,Include,Yes,Yes,NA,Include,NA
EET207,MDPI Digital Library,NA,"Capra, Maurizio and Peloso, Riccardo and Masera, Guido and Ruo Roch, Massimo and Martina, Maurizio",2019,Edge Computing: A Survey On the Hardware Requirements in the Internet of Things World,Future Internet,10.3390/fi11040100,No,No,NA,Exclude,NA,NA,NA,NA,EC3
EET208,IEEE Xplore,NA,"Gharaei, Niayesh and Al-Otaibi, Yasser D. and Malebary, Sharaf Jameel and Almagrabi, Alaa Omran",2024,A Storage Optimization and Energy-Efficiency-Based Edge-Enabled Companion-Side eHealth Monitoring System for IoT-Based Smart Hospitals,IEEE Internet of Things Journal,10.1109/JIOT.2023.3298264,Yes,Yes,NA,Include,Yes,Yes,NA,Include,NA
EET209,Wiley Digital Library,NA,"Gong, Can and Wei, Li and Gong, Deliang and Li, Tiantian and Feng, Fang",2022,Energy‐Efficient Task Migration and Path Planning in UAV‐Enabled Mobile Edge Computing System,Complexity,10.1155/2022/4269102,Yes,Yes,NA,Include,Yes,Yes,NA,Include,NA
EET210,TÜBİTAK,NA,"Rahbari, Dadmehr and Nickray, Mohsen",2019,Low-latency and energy-efficient scheduling in fog-based IoT applications,TURKISH JOURNAL OF ELECTRICAL ENGINEERING & COMPUTER SCIENCES,10.3906/elk-1810-47,Yes,Yes,NA,Include,Yes,Yes,NA,Include,NA
EET211,IEEE Xplore,NA,"Shi, Liqin and Ye, Yinghui and Chu, Xiaoli and Lu, Guangyue",2021,Computation Energy Efficiency Maximization for a NOMA-Based WPT-MEC Network,IEEE Internet of Things Journal,10.1109/JIOT.2020.3048937,Yes,Yes,NA,Include,Yes,Yes,NA,Include,NA
EET212,IEEE Xplore,NA,"Wu, Jianqiu and Yu, Zhongyi and Guo, Jianxiong and Tang, Zhiqing and Wang, Tian and Jia, Weijia",2024,Two-Stage Deep Energy Optimization in IRS-Assisted UAV-Based Edge Computing Systems,IEEE Transactions on Mobile Computing,10.1109/TMC.2024.3461719,Yes,Yes,NA,Include,Yes,Yes,NA,Include,NA
EET213,MDPI Digital Library,NA,"Kaňuch, Peter and Macko, Dominik",2019,E-HIP: An Energy-Efficient OpenHIP-Based Security in Internet of Things Networks,Sensors,10.3390/s19224921,Yes,Yes,NA,Include,Yes,Yes,NA,Include,NA
EET214,IEEE Xplore,NA,"Huang, Ning and Wang, Tianshun and Wu, Yuan and Wu, Qingqing and Quek, Tony Q. S.",2022,Integrated Sensing and Communication Assisted Mobile Edge Computing: An Energy-Efficient Design via Intelligent Reflecting Surface,IEEE Wireless Communications Letters,10.1109/LWC.2022.3193706,Yes,Yes,NA,Include,Yes,Yes,NA,Include,NA
EET215,IEEE Xplore,NA,"Alghazali, Qusay and Al-Amaireh, Husam and Cinkler, Tibor",2025,Energy-Efficient Resource Allocation in Mobile Edge Computing Using NOMA and Massive MIMO,IEEE Access,10.1109/ACCESS.2025.3535233,Yes,Yes,NA,Include,Yes,Yes,NA,Include,NA
EET216,IEEE Xplore,NA,"Huang, Ning and Dou, Chenglong and Wu, Yuan and Qian, Liping and Lu, Rongxing",2023,Energy-Efficient Integrated Sensing and Communication: A Multi-Access Edge Computing Design,IEEE Wireless Communications Letters,10.1109/LWC.2023.3306433,Yes,Yes,NA,Include,Yes,Yes,NA,Include,NA
EET217,ACM Digital Library,NA,"Bai, Kangjun and Liu, Shiya and Yi, Yang",2019,High speed and energy efficient deep neural network for edge computing,SEC '19: Proceedings of the 4th ACM/IEEE Symposium on Edge Computing,10.1145/3318216.3363453,Yes,Yes,NA,Include,Yes,Yes,NA,Include,NA
EET218,SpringerLink,NA,"Zhang, Yue and Fu, Jingqi",2021,Energy-efficient computation offloading strategy with tasks scheduling in edge computing,Wireless Networks,10.1007/s11276-020-02474-1,Yes,Yes,NA,Include,Yes,Yes,NA,Include,NA
EET219,IEEE Xplore,NA,"Adamek, Karel and Novotny, Jan and Thiyagalingam, Jeyarajan and Armour, Wesley",2021,Efficiency Near the Edge: Increasing the Energy Efficiency of FFTs on GPUs for Real-Time Edge Computing,IEEE Access,10.1109/ACCESS.2021.3053409,Yes,Yes,NA,Include,Yes,Yes,NA,Include,NA
EET220,IEEE Xplore,NA,"Gamatie, Abdoulaye and Devic, Guillaume and Sassatelli, Gilles and Bernabovi, Stefano and Naudin, Philippe and Chapman, Michael",2019,Towards Energy-Efficient Heterogeneous Multicore Architectures for Edge Computing,IEEE Access,10.1109/ACCESS.2019.2910932,Yes,Yes,NA,Include,Yes,Yes,NA,Include,NA
EET221,ScienceDirect,NA,"Wang, Zhongyang and Xu, Du",2023,Online optimization of intelligent reflecting surface-aided energy-efficient IoT-edge computing,Future Generation Computer Systems,10.1016/j.future.2022.12.008,Yes,Yes,NA,Include,Yes,Yes,NA,Include,NA
EET222,ScienceDirect,NA,"Oma, Ryuji and Nakamura, Shigenari and Duolikun, Dilawaer and Enokido, Tomoya and Takizawa, Makoto",2018,An energy-efficient model for fog computing in the Internet of Things (IoT),Internet of Things,10.1016/j.iot.2018.08.003,Yes,Yes,NA,Include,Yes,Yes,NA,Include,NA
EET223,SpringerLink,NA,"Fu, Yaru and Yang, Xiaolong and Yang, Peng and Wong, Angus K. Y. and Shi, Zheng and Wang, Hong and Quek, Tony Q. S.",2021,Energy-efficient offloading and resource allocation for mobile edge computing enabled mission-critical internet-of-things systems,EURASIP Journal on Wireless Communications and Networking,10.1186/s13638-021-01905-7,Yes,Yes,NA,Include,Yes,Yes,NA,Include,NA
EET224,SpringerLink,NA,"Li, Shulei and Zhai, Daosen and Du, Pengfei and Han, Ting",2019,"Energy-efficient task offloading, load balancing, and resource allocation in mobile edge computing enabled IoT networks",Science China Information Sciences,10.1007/s11432-017-9440-x,No,No,NA,Exclude,NA,NA,NA,NA,EC4
EET225,IEEE Xplore,NA,"Wang, Chaowei and Yu, Xiaofei and Xu, Lexi and Wang, Weidong",2022,Energy-Efficient Task Scheduling Based on Traffic Mapping in Heterogeneous Mobile-Edge Computing: A Green IoT Perspective,IEEE Transactions on Green Communications and Networking,10.1109/TGCN.2022.3186314,Yes,Yes,NA,Include,Yes,Yes,NA,Include,NA
EET226,SpringerLink,NA,"Toor, Asfa and Islam, Saif Ul and Ahmed, Ghufran and Jabbar, Sohail and Khalid, Shehzad and Sharif, Abdullahi Mohamud",2019,Energy efficient edge-of-things,EURASIP Journal on Wireless Communications and Networking,10.1186/s13638-019-1394-4,Yes,Yes,NA,Include,No,Yes,Yes,Include,NA
EET227,IEEE Xplore,NA,"Gupta, Vini and De, Swades",2021,An Energy-Efficient Edge Computing Framework for Decentralized Sensing in WSN-Assisted IoT,IEEE Transactions on Wireless Communications,10.1109/TWC.2021.3062568,Yes,Yes,NA,Include,Yes,Yes,NA,Include,NA
EET228,ACM Digital Library,NA,"Chavhan, Suresh and Gupta, Deepak and Gochhayat, Sarada Prasad and N., Chandana B. and Khanna, Ashish and Shankar, K. and Rodrigues, Joel J. P. C.",2022,Edge Computing AI-IoT Integrated Energy-efficient Intelligent Transportation System for Smart Cities,ACM Transactions on Internet Technology,10.1145/3507906,Yes,Yes,NA,Include,Yes,Yes,NA,Include,NA
EET229,SAGE Journals,NA,"Agbehadji, Israel Edem and Frimpong, Samuel Ofori and Millham, Richard C and Fong, Simon James and Jung, Jason J",2020,Intelligent energy optimization for advanced IoT analytics edge computing on wireless sensor networks,International Journal of Distributed Sensor Networks,10.1177/1550147720908772,Yes,Yes,NA,Include,Yes,Yes,NA,Include,NA
EET230,MDPI Digital Library,NA,"Sinde, Ramadhani and Begum, Feroza and Njau, Karoli and Kaijage, Shubi",2020,Refining Network Lifetime of Wireless Sensor Network Using Energy-Efficient Clustering and DRL-Based Sleep Scheduling,Sensors,10.3390/s20051540,Yes,Yes,NA,Include,Yes,Yes,NA,Include,NA
EET231,ACM Digital Library,NA,"Mohamed, Fathia A. and Hassan, Emad S. and Dessouky, Moawad I. and Elnaghi, Basem El and Magdy, Ahmed",2026,Optimizing energy efficiency in wireless sensor networks through advanced cluster-based routing protocols,Scientific Reports,10.1038/s41598-025-11382-3,Yes,Yes,NA,Include,Yes,Yes,NA,Include,NA
EET232,ScienceDirect,NA,"Abdulzahra, Ali Mohammed Kadhim and Al-Qurabat, Ali Kadhum M. and Abdulzahra, Suha Abdulhussein",2023,Optimizing energy consumption in WSN-based IoT using unequal clustering and sleep scheduling methods,Internet of Things,10.1016/j.iot.2023.100765,Yes,Yes,NA,Include,Yes,Yes,NA,Include,NA
EET233,SpringerLink,NA,"Radhika, S. and Rangarajan, P.",2021,Fuzzy Based Sleep Scheduling Algorithm with Machine Learning Techniques to Enhance Energy Efficiency in Wireless Sensor Networks,Wireless Personal Communications,10.1007/s11277-021-08167-y,Yes,Yes,NA,Include,Yes,Yes,NA,Include,NA
EET234,SpringerLink,NA,"Pattar, Amruta Veerendra and Selvi, M.",2026,ETBORC: Energy and Trust-aware Bio-inspired Optimized Routing Based on Clustering for Securing Wireless Sensor Network,Wireless Personal Communications,10.1007/s11277-026-12194-y,Yes,Yes,NA,Include,Yes,Yes,NA,Include,NA
EET235,Taylor & Francis,NA,"Kocherla, Raviteja and Chandra Sekhar, M. and Vatambeti, Ramesh",2023,Enhancing the energy efficiency for prolonging the network life time in multi-conditional multi-sensor based wireless sensor network,Journal of Control and Decision,10.1080/23307706.2022.2057362,Yes,Yes,NA,Include,Yes,Yes,NA,Include,NA
EET236,IEEE Xplore,NA,"Khan, Muhammad Nawaz and Rahman, Haseeb Ur and Khan, Muhammad Zahid and Mehmood, Gulzar and Sulaiman, Adel and Shaikh, Asadullah and Alqhatani, Abdulmajeed",2022,Energy-Efficient Dynamic and Adaptive State-Based Scheduling (EDASS) Scheme for Wireless Sensor Networks,IEEE Sensors Journal,10.1109/JSEN.2022.3174050,Yes,Yes,NA,Include,Yes,Yes,NA,Include,NA
EET237,SpringerLink,NA,"Gebyhu, Zewditu Guangulie and Demilew, Samuel Asferaw and Tewelgne, Makda Fekadie",2026,Energy efficient modified TDMA schedule for reducing energy consumption in Wireless Sensor Networks,Discover Applied Sciences,10.1007/s42452-025-08055-1,Yes,Yes,NA,Include,Yes,Yes,NA,Include,NA
EET238,ScienceDirect,NA,"Kaur, Amarjeet and N., Hema",2026,Energy and coverage area aware dynamic sleep scheduling for green IoT,Sustainable Computing: Informatics and Systems,10.1016/j.suscom.2026.101308,Yes,Yes,NA,Include,Yes,Yes,NA,Include,NA
EET239,SpringerLink,NA,"Satyanarayana, P. and Diwakar, G. and Mahalakshmi, T. and Rao, P. Rama Koteswara and Ravi, Jampani and Krishnan, V. Gokula and Gopalakrishnan, S.",2026,Development of energy efficient routing and network life time optimization in IoT-based WSN by hybrid reptile search-artificial gorilla troops optimization,Wireless Networks,10.1007/s11276-026-04145-z,Yes,Yes,NA,Include,Yes,Yes,NA,Include,NA
EET240,SpringerLink,NA,"Xie, Renning and Liu, Anfeng and Gao, Jianliang",2016,A Residual Energy Aware Schedule Scheme for WSNs Employing Adjustable Awake/Sleep Duty Cycle,Wireless Personal Communications,10.1007/s11277-016-3428-0,Yes,Yes,NA,Include,Yes,Yes,NA,Include,NA
EET241,SpringerLink,NA,"Krishnapriya, M. and Angeline Prasanna, G. and Anbarasu, S.",2023,Rank-Based Energy-Efficient Key Management Routing For Wireless Sensor Network-Based Iot Medical Sensors,Wireless Personal Communications,10.1007/s11277-023-10377-5,Yes,Yes,NA,Include,Yes,Yes,NA,Include,NA
EET242,SpringerLink,NA,"Ram, G. Mohan and E., Ilavarasan",2024,Multi-objective may-badger optimizer based energy efficient routing protocol in dense wireless sensor network,Multimedia Tools and Applications,10.1007/s11042-023-18057-z,Yes,Yes,NA,Include,Yes,Yes,NA,Include,NA
EET243,SpringerLink,NA,"Poonguzhali, P. K. and Ananthamoorthy, N. P.",2020,Improved energy efficient WSN using ACO based HSA for optimal cluster head selection,Peer-to-Peer Networking and Applications,10.1007/s12083-019-00814-3,Yes,Yes,NA,Include,Yes,Yes,NA,Include,NA
EET244,Research Gate,NA,"{Department of Information and Communication Technology Mawlana Bhashani Science and Technology University, Tangail-1902, Bangladesh} and Rana, Sohel and Bahar, Ali Newaz and Islam, Nazrul and Islam, Johirul",2015,Fuzzy Based Energy Efficient Multiple Cluster Head Selection Routing Protocol for Wireless Sensor Networks,International Journal of Computer Network and Information Security,10.5815/ijcnis.2015.04.07,Yes,Yes,NA,Include,Yes,Yes,NA,Include,NA
EET245,SpringerLink,NA,"Karim, Seemab and Qureshi, Kashif Naseer and Ibrahim, Ashraf Osman and Abulfaraj, Anas W. and Ghafoor, Kayhan Zrar",2024,Enhanced centroid-based energy-efficient clustering routing protocol for serverless based wireless sensor networks,Journal of King Saud University - Computer and Information Sciences,10.1016/j.jksuci.2024.102067,Yes,Yes,NA,Include,Yes,Yes,NA,Include,NA
EET246,IEEE Xplore,NA,"Zheng, Kan and Wang, Huijian and Li, Hang and Xiang, Wei and Lei, Lei and Qiao, Jian and Shen, Xuemin Sherman",2017,Energy-Efficient Localization and Tracking of Mobile Devices in Wireless Sensor Networks,IEEE Transactions on Vehicular Technology,10.1109/TVT.2016.2584104,Yes,Yes,NA,Include,Yes,Yes,NA,Include,NA
EET247,IEEE Xplore,NA,"Karabekir, Baybars and Aydın, Muhammed Ali and Zaim, Abdül Haim",2021,Energy Efficient Clustering-Based Mobile Routing Algorithm on WSNs,ELECTRICA,10.5152/electrica.2021.20035,Yes,Yes,NA,Include,Yes,Yes,NA,Include,NA
EET248,IEEE Xplore,NA,"Guo, Songtao and Shi, Yawei and Yang, Yuanyuan and Xiao, Bin",2018,Energy Efficiency Maximization in Mobile Wireless Energy Harvesting Sensor Networks,IEEE Transactions on Mobile Computing,10.1109/TMC.2017.2773067,Yes,Yes,NA,Include,Yes,Yes,NA,Include,NA
EET249,ScienceDirect,NA,"SureshKumar, K. and Vimala, P.",2021,Energy efficient routing protocol using exponentially-ant lion whale optimization algorithm in wireless sensor networks,Computer Networks,10.1016/j.comnet.2021.108250,Yes,Yes,NA,Include,Yes,Yes,NA,Include,NA
EET250,SpringerLink,NA,"Loganathan, Sathyapriya and Arumugam, Jawahar",2021,Energy Efficient Clustering Algorithm Based on Particle Swarm Optimization Technique for Wireless Sensor Networks,Wireless Personal Communications,10.1007/s11277-021-08239-z,Yes,Yes,NA,Include,Yes,Yes,NA,Include,NA
EET251,Other,NA,"Konaté, Siaka and Li, Changli and Traoré, Drissa and Sacko, Diouba and Coulibaly, Souleymane",2026,Energy Consumption Model for Full-Duplex LoRa Backscatter-Based Sensor Node,Computer Networks and Communications,10.37256/cnc.42202610179,Yes,Yes,NA,Include,No,No,NA,Exclude,EC1
EET252,SpringerLink,NA,"Sah, Dipak Kumar and Srivastava, Suyash and Kumar, Ramesh and Amgoth, Tarachand",2023,An energy efficient coverage aware algorithm in energy harvesting wireless sensor networks,Wireless Networks,10.1007/s11276-022-03125-3,Yes,Yes,NA,Include,Yes,Yes,NA,Include,NA
EET253,Wiley Digital Library,NA,"Bhargava, Deepshikha and Prasanalakshmi, B. and Vaiyapuri, Thavavel and Alsulami, Hemaid and Serbaya, Suhail H. and Rahmani, Abdul Wahab",2022,CUCKOO‐ANN Based Novel Energy‐Efficient Optimization Technique for IoT Sensor Node Modelling,Wireless Communications and Mobile Computing,10.1155/2022/8660245,Yes,Yes,NA,Include,No,No,NA,Exclude,EC2
EET254,IEEE Xplore,NA,"Mahapatra, Chinmaya and Sheng, Zhengguo and Kamalinejad, Pouya and Leung, Victor C.M. and Mirabbasi, Shahriar",2017,"Optimal Power Control in Green Wireless Sensor Networks With Wireless Energy Harvesting, Wake-Up Radio and Transmission Control",IEEE Access,10.1109/ACCESS.2016.2644607,Yes,Yes,NA,Include,Yes,Yes,NA,Include,NA
EET255,MDPI Digital Library,NA,"Reis, Manuel J. C. S.",2026,Low-Power Embedded Sensor Node for Real-Time Environmental Monitoring with On-Board Machine-Learning Inference,Sensors,10.3390/s26020703,Yes,Yes,NA,Include,Yes,Yes,NA,Include,NA
EET256,Wiley Digital Library,NA,"Suresh, Sebastin and Prabhu, V. and Parthasarathy, V. and Boddu, Rajasekhar and Sucharitha, Yadala and Teshite, Gemmachis",2022,A Novel Routing Protocol for Low-Energy Wireless Sensor Networks,Journal of Sensors,10.1155/2022/8244176,Yes,Yes,NA,Include,Yes,Yes,NA,Include,NA
EET257,Wiley Digital Library,NA,"Gharghan, Sadik Kamel and Nordin, Rosdiadee and Ismail, Mahamod",2016,Energy Efficiency of Ultra-Low-Power Bicycle Wireless Sensor Networks Based on a Combination of Power Reduction Techniques,Journal of Sensors,10.1155/2016/7314207,Yes,Yes,NA,Include,Yes,Yes,NA,Include,NA
EET258,IEEE Xplore,NA,"Vázquez-Castillo, J. and Castillo-Atoche, A. and Estrada-López, J. and Osorio-de-la-Rosa, E. and Becerra-Nuñez, G. and Heredia-Lozano, J. and Atoche-Enseñat, R. and Sandoval-Curmina, V.",2022,Energy-Saving Techniques for Urban Noise WSN With Kalman-Based State Estimation and Green Facade Energy Harvester,IEEE Transactions on Instrumentation and Measurement,10.1109/TIM.2022.3145385,Yes,Yes,NA,Include,Yes,Yes,NA,Include,NA
EET259,ScienceDirect,NA,"Sachan, Smriti and Sharma, Rohit and Sehgal, Amit",2021,Energy efficient scheme for better connectivity in sustainable mobile wireless sensor networks,Sustainable Computing: Informatics and Systems,10.1016/j.suscom.2020.100504,Yes,Yes,NA,Include,Yes,Yes,NA,Include,NA
EET260,IEEE Xplore,NA,"Yao, Yin-Di and Li, Xiong and Cui, Yan-Peng and Wang, Jia-Jun and Wang, Chen",2022,Energy-Efficient Routing Protocol Based on Multi-Threshold Segmentation in Wireless Sensors Networks for Precision Agriculture,IEEE Sensors Journal,10.1109/JSEN.2022.3150770,Yes,Yes,NA,Include,Yes,Yes,NA,Include,NA
EET261,SpringerLink,NA,"Trrad, Issam and Ismail, Rabah and Al-Mattarneh, Hashem and Hole, Snehal",2026,Energy-efficient 5G-enabled sensor networks for smart environmental monitoring in sustainable cities,International Journal of Information Technology,10.1007/s41870-025-03116-5,Yes,Yes,NA,Include,Yes,Yes,NA,Include,NA
EET262,MDPI Digital Library,NA,"Matos, Tiago and Martins, Marcos F. and Rocha, João and Dinis, Hugo and Martins, Marcos and Lopes, Sérgio F. and Afonso, José A. and Gonçalves, Luís",2026,Design and Implementation of a Low-Cost and Low-Power Wireless Sensor Network for Estuary Environmental Monitoring,Electronics,10.3390/electronics15143155,Yes,Yes,NA,Include,Yes,Yes,NA,Include,NA
EET263,IEEE Xplore,NA,"Shu, Tongxin and Chen, Jiahong and Bhargava, Vijay K. and De Silva, Clarence W.",2019,An Energy-Efficient Dual Prediction Scheme Using LMS Filter and LSTM in Wireless Sensor Networks for Environment Monitoring,IEEE Internet of Things Journal,10.1109/JIOT.2019.2911295,Yes,Yes,NA,Include,Yes,Yes,NA,Include,NA
EET264,IEEE Xplore,NA,"Ahmad, Sabtain and Uyanık, Halit and Ovatman, Tolga and Sandıkkaya, Mehmet Tahir and De Maio, Vincenzo and Brandić, Ivona and Aral, Atakan",2023,Sustainable Environmental Monitoring via Energy and Information Efficient Multinode Placement,IEEE Internet of Things Journal,10.1109/JIOT.2023.3303124,Yes,Yes,NA,Include,Yes,Yes,NA,Include,NA
EET265,SpringerLink,NA,"C, Dr.Gowdham and D S, Dr.John Deva Prasanna and A, Arun Anthonisamy",2026,Secure-energy efficient hybrid optimal cluster-based routing with improved AES in WSN for secure data transmission,Peer-to-Peer Networking and Applications,10.1007/s12083-026-02196-9,Yes,Yes,NA,Include,Yes,Yes,NA,Include,NA
EET266,Wiley Digital Library,NA,"Al‐Ani, Nada M. Khalil and Gharghan, Sadik Kamel and Al‐Abbasi, Ziad Qais and Al‐Naji, Ali and Chahl, Javaan",2026,A Hybrid Algorithm for Optimising Power Consumption of Wireless Sensor Networks in Precision Agriculture,IET Networks,10.1049/ntw2.70022,Yes,Yes,NA,Include,Yes,Yes,NA,Include,NA
EET267,SpringerLink,NA,"Iyaomolere, Babatunde Ademola and Popoola, Jide Julius and Akingbade, Kayode Francis",2026,Hybrid Mayfly Ant colony optimization for energy-efficient clustering and routing in ZigBee wireless sensor networks for precision agriculture,Discover Sensors,10.1007/s44397-026-00049-x,Yes,Yes,NA,Include,No,No,NA,Exclude,EC2
EET268,Other,NA,"Liya, B. S. and Harish Kumar, Er. and Morshedur Hassan, Mostaque Md. and Nisha, Pathur and Aush, Mithun G. and Anand, D.",2026,Energy efficient cyber-physical control of renewable microgrids using edge-AI enabled IoT and secure blockchain coordination,Scientific Reports,10.1038/s41598-026-50169-y,Yes,Yes,NA,Include,Yes,Yes,NA,Include,NA
EET269,SpringerLink,NA,"Mahamat, Michaël and Jaber, Ghada and Bouabdallah, Abdelmadjid",2023,Achieving efficient energy-aware security in IoT networks: a survey of recent solutions and research challenges,Wireless Networks,10.1007/s11276-022-03170-y,No,No,NA,Exclude,NA,NA,NA,NA,EC3
EET270,MDPI Digital Library,NA,"Alsharif, Mohammed H. and Jahid, Abu and Kelechi, Anabi Hilary and Kannadasan, Raju",2023,Green IoT: A Review and Future Research Directions,Symmetry,10.3390/sym15030757,No,No,NA,Exclude,NA,NA,NA,NA,EC3
EET271,IEEE Xplore,NA,"Xie, Haihui and Wen, Wenkun and Chen, Shuwu and Shu, Zhaogang and Xia, Minghua",2026,Energy-Efficient Federated Edge Learning for Small-Scale Datasets in Large IoT Networks,IEEE Transactions on Wireless Communications,10.1109/TWC.2026.3683911,Yes,Yes,NA,Include,Yes,Yes,NA,Include,NA
EET272,MDPI Digital Library,NA,"Almudayni, Ziyad and Soh, Ben and Samra, Halima and Li, Alice",2025,"Energy Inefficiency in IoT Networks: Causes, Impact, and a Strategic Framework for Sustainable Optimisation",Electronics,10.3390/electronics14010159,No,Yes,Yes,Include,No,No,NA,Exclude,EC3
EET273,Other,NA,"Fish, Taha",2026,IoT and Edge-AI Enabled Vertical Farming Framework for Energy-Efficient Urban Horticulture Applications,National Journal of Sciences and Smart Horticulture,NA,Yes,No,Yes,Include,No,No,NA,Exclude,EC4
EET274,ScienceDirect,NA,"Aldin, Hesam Nejati Sharif and Ghods, Mostafa Razavi and Nayebipour, Farnoush and Torshiz, Masoud Niazi",2024,A comprehensive review of energy harvesting and routing strategies for IoT sensors sustainability and communication technology,Sensors International,10.1016/j.sintl.2023.100258,No,No,NA,Exclude,NA,NA,NA,NA,EC3
EET275,SpringerLink,EET243,"Poonguzhali, P. K. and Ananthamoorthy, N. P.",2020,Improved energy efficient WSN using ACO based HSA for optimal cluster head selection,Peer-to-Peer Networking and Applications,10.1007/s12083-019-00814-3,NA,NA,NA,NA,NA,NA,NA,NA,NA
EET276,ScienceDirect,NA,"Cui, Zhaoyang and Zhang, Xiongwei and Zhou, Shang",2026,Enhancing network monitoring in IoT with an energy-efficient collaborative framework using edge computing and federated learning,Expert Systems with Applications,10.1016/j.eswa.2026.132034,Yes,Yes,NA,Include,Yes,Yes,NA,Include,NA
EET277,Other,NA,"Sevastava, Sanjay D",2026,Energy-Efficient Edge Computing Scheduling through AI-Enhanced Traffic Prediction in Heterogeneous Wireless Networks,International Journal of Artificial Intelligence Engineering and Systems,NA,No,Yes,No,Exclude,NA,NA,NA,NA,EC3
