Reference,Year,Citations,Citations - Data Source,Citations - Extraction Date,Journal,SJR 2025 (23/09/2026),Quartile Category,Technique,Contribution,Category,Simulation/Real World,Raw Citation Score,Normalized Citation Score,Journal Ranking Score,Contribution Score,Validation Score,W0 (Baseline),W0 Rank,W1 (Citation Dominant),W1 Rank,W2 (Venue Dominant),W2 Rank,W3 (Contribution Dominant),W3 Rank,W4 (Validation Dominant),W4 Rank,W5 (Citations Excluded),W5 Rank
Energy-Efficient 5G-enabled Sensor Networks for Smart Environmental Monitoring in Sustainable Cities,2026,64,Google Scholar,12/09/2026,International Journal of Information Technology,Q1,Q1/Q2,Three-layer framework: Glass Sponge Topology and Electric Eel Energy Layer and Ant Colony Routing,New Technique,Routing Optimization,Simulation,64,3,3,3,2,2.75,1,2.8,1,2.8,1,2.8,1,2.6,18,2.666666667,65
"Hybrid Low-Power Wide-Area Mesh Network
for IoT Applications
",2020,153,Google Scholar,12/09/2026,IEEE Internet of Things Journal ,Q1,Q1/Q2,"
A hybrid low-power wide-area network (LPWAN) architecture that provides broad communication coverage while reducing power consumption for IoT devices by utilizing both sub-GHz long-range and 2.4 GHz short-range radio frequencies.",New Technique,Communication Protocol Optimization,Real World Implementation,21.85714286,1.683035714,3,3,3,2.670758929,2,2.473214286,7,2.736607143,2,2.736607143,2,2.736607143,1,3,9
Collaborative Edge Computing with FPGA-Based CNN Accelerators for Energy-Efficient and Time-Aware Face Tracking System,2022,96,Google Scholar,12/09/2026,IEEE Transactions on Computational Social Systems,Q1,Q1/Q2,"1. FPGA MobileNet v2 Accelerator
2. Q-Learning-based HEFT (QL-HEFT) Scheduling",New Technique,Hardware / Architecture Modifications,Real World Implementation,19.2,1.6,3,3,3,2.65,3,2.44,12,2.72,3,2.72,3,2.72,2,3,9
Resource Allocation for Energy-Efficient MEC in NOMA-Enabled Massive IoT Networks,2021,299,Google Scholar,12/09/2026,IEEE Journal on Selected Areas in Communications,Q1,Q1/Q2,"1. Swap-Enabled Matching
2. Dinkelbach-SCP power allocation
3. Knapsack Computation allocation",New Technique,Task Offloading,Simulation,49.83333333,2.557291667,3,3,2,2.639322917,4,2.622916667,2,2.711458333,4,2.711458333,4,2.511458333,19,2.666666667,65
Completion Time and Energy Optimization in the UAV-Enabled Mobile-Edge Computing System.,2020,328,Google Scholar,12/09/2026,IEEE Internet of Things Journal ,Q1,Q1/Q2,Alternating Optimization Algorithm with Successive Convex Approximation (SCA) and Path Discretization of UAV trajectory.,New Technique,Task offloading,Simulation,46.85714286,2.464285714,3,3,2,2.616071429,5,2.585714286,3,2.692857143,5,2.692857143,5,2.492857143,20,2.666666667,65
"Energy-efficient adaptive routing 
in heterogeneous wireless sensor networks 
via hybrid PSO and dynamic clustering",2025,28,Google Scholar,12/09/2026,Journal of Cloud Computing,Q1,Q1/Q2,Improved Particle Swarm Optimization (IPSO),New Technique,Routing Optimization,Real World Implementation,14,1.4375,3,3,3,2.609375,6,2.375,15,2.6875,6,2.6875,6,2.6875,3,3,9
An Energy Efficient Smart Metering System Using Edge Computing in LoRa Network.,2022,62,Google Scholar,12/09/2026,IEEE Transactions on Sustainable Computing,Q1,Q1/Q2,Energy Efficient Smart Metering (EESM) system using LSTM-based compression and SF selection algorithm,New Technique,Data Reduction,Simulation and Real World Implementation,12.4,1.3875,3,3,3,2.596875,7,2.355,17,2.6775,7,2.6775,7,2.6775,4,3,9
Energy-Efficient Edge-Fog-Cloud Architecture for IoT-Based Smart Agriculture Environment,2021,263,Google Scholar,12/09/2026,IEEE Access,Q1,Q1/Q2,Energy-Efficient Edge-Fog-Cloud Architecture with MILP optimization,New Technique,Communication Protocol Optimization,Simulation,43.83333333,2.369791667,3,3,2,2.592447917,8,2.547916667,4,2.673958333,8,2.673958333,8,2.473958333,22,2.666666667,65
Energy-Efficient Localization and Tracking of Mobile Devices in Wireless Sensor Networks,2017,109,Google Scholar,12/09/2026,IEEE Transactions on Vehicular Technology,Q1,Q1/Q2,AWKNN (Adaptive Weighted K-Nearest Neighbor) fingerprint localization,New Technique,Communication Protocol Optimization,Real World Implementation,10.9,1.340625,3,3,3,2.58515625,9,2.33625,19,2.668125,9,2.668125,9,2.668125,5,3,9
Energy-Efficient Resource Allocation for Mobile Edge Computing-Based Augmented Reality Applications.,2017,421,Google Scholar,12/09/2026,IEEE Communications Letters,Q1,Q1/Q2,Successive Convex Approximation (SCA),New Technique,Task offloading,Simulation,42.1,2.315625,3,3,2,2.57890625,10,2.52625,5,2.663125,10,2.663125,10,2.463125,24,2.666666667,65
"PUF-CIM: SRAM-Based Compute-In-Memory
With Zero Bit-Error-Rate Physical Unclonable
Function for Lightweight Secure Edge Computing",2023,39,Google Scholar,12/09/2026,IEEE Transactions on Very Large Scale Integration (VLSI) Systems,Q1,Q1/Q2,PUF-CIM,New Technique,Security Aware Energy Optimization,Real World Implementation,9.75,1.3046875,3,3,3,2.576171875,11,2.321875,21,2.6609375,11,2.6609375,11,2.6609375,6,3,9
SoftEdgeNet: SDN Based Energy-Efficient Distributed Network Architecture for Edge Computing,2018,80,Google Scholar,12/09/2026,IEEE Communications Magazine,Q1,Q1/Q2,Edge/Fog distributed processing reduces bandwidth and energy consumption,New Technique,Communication Protocol Optimization,Real World Implementation,8.888888889,1.277777778,3,3,3,2.569444444,12,2.311111111,23,2.655555556,12,2.655555556,12,2.655555556,7,3,9
Towards Energy-Efficient Heterogeneous Multicore Architectures for Edge Computing,2019,51,Google Scholar,12/09/2026,IEEE Access,Q1,Q1/Q2,"Heterogeneous multicore, cooperative scheduling",New Technique,Routing Optimization,Real World Implementation,6.375,1.19921875,3,3,3,2.549804688,13,2.2796875,26,2.63984375,13,2.63984375,13,2.63984375,8,3,9
Optimizing Energy Consumption in WSN-based IoT Using Unequal Clustering and Sleep Scheduling Methods,2023,150,Google Scholar,12/09/2026,Internet of Things,Q1,Q1/Q2,Energy-efficient Fuzzy-based Unequal Clustering with Sleep Scheduling (EFUCSS),New Technique,Clustering,Simulation,37.5,2.171875,3,3,2,2.54296875,14,2.46875,8,2.634375,14,2.634375,14,2.434375,25,2.666666667,65
Mobile Edge Computing-Enabled Internet of Vehicles: Toward Energy-Efficient Scheduling,2019,298,Google Scholar,12/09/2026,IEEE Network,Q1,Q1/Q2,MEC-enabled Energy-Efficient Scheduling (MEES) Heuristic Algorithm,New Technique,Routing Optimization,Simulation,37.25,2.1640625,3,3,2,2.541015625,15,2.465625,9,2.6328125,15,2.6328125,15,2.4328125,26,2.666666667,65
Energy-Efficient Resource Management in UAV-Assisted Mobile Edge Computing,2021,220,Google Scholar,12/09/2026,IEEE Communications Letters,Q1,Q1/Q2,Block Successive Upper-bound Minimization (BSUM),New Technique,Task Offloading,Simulation,36.66666667,2.145833333,3,3,2,2.536458333,16,2.458333333,10,2.629166667,16,2.629166667,16,2.429166667,27,2.666666667,65
An energy-efficient single-cycle RV32I microprocessor for edge computing applications.,2023,18,Google Scholar,12/09/2026,Integration,Q2,Q1/Q2,Single-Cycle RISC-V RV32I Processor Architecture,New Technique,Hardware / Architecture Modifications,Real World Implementation,4.5,1.140625,3,3,3,2.53515625,17.5,2.25625,30.5,2.628125,17.5,2.628125,17.5,2.628125,9.5,3,9
"Hybrid big data optimization based energy-efficient and 
AI-powered green architecture toward smart cities and 
5G-IoT applications",2025,9,Google Scholar,12/09/2026,Journal of Electronic Science and Technology,Q2,Q1/Q2,"5G, Zigbee, LoRaWAN",New Technique,Data Reduction,Simulation and Real World Implementation,4.5,1.140625,3,3,3,2.53515625,17.5,2.25625,30.5,2.628125,17.5,2.628125,17.5,2.628125,9.5,3,9
Energy-Saving Techniques for Urban Noise WSN With Kalman-Based State Estimation and Green Facade Energy Harvester,2022,21,Google Scholar,12/09/2026,IEEE Transactions on Instrumentation and Measurement,Q1,Q1/Q2,Kalman-based Dynamic Power Management Strategy (DPMS),New Technique,Energy Harvesting,Real World Implementation,4.2,1.13125,3,3,3,2.5328125,19,2.2525,33,2.62625,19,2.62625,19,2.62625,11,3,9
Energy Efficient Task Caching and Offloading for Mobile Edge Computing. ,2018,324,Google Scholar,12/09/2026,IEEE Access,Q1,Q1/Q2,Task Caching and Offloading (TCO) algorithm.,New Technique,Task offloading,Simulation,36,2.125,3,3,2,2.53125,20,2.45,11,2.625,20,2.625,20,2.425,28,2.666666667,65
ENZYME: An energy-efficient transient computing paradigm for ultralow self-powered IoT edge devices.,2018,34,Google Scholar,12/09/2026,IEEE Transactions on Computer-Aided Design of Integrated Circuits and Systems,Q1,Q1/Q2,ENZYME,New Technique,Hardware / Architecture Modifications,Real World Implementation,3.777777778,1.118055556,3,3,3,2.529513889,21,2.247222222,34,2.623611111,21,2.623611111,21,2.623611111,12,3,9
Database energy saving strategy using blockchain and Internet of Things,2025,6,Google Scholar,12/09/2026,Scientific Reports,Q1,Q1/Q2,Blockchain-optimized energy-saving,New Technique,Data Reduction,Real World Implementation,3,1.09375,3,3,3,2.5234375,22.5,2.2375,35.5,2.61875,22.5,2.61875,22.5,2.61875,13.5,3,9
Static: Low Frequency Energy Harvesting and Power Transfer for the Internet of Things,2022,15,Google Scholar,12/09/2026,Frontiers in Signal Processing,Q2,Q1/Q2,"Static Platform,RF Energy Harvesting,Adaptive WPT Subsystem,Open-Source Design",New Technique,Energy Harvesting,Real World Implementation,3,1.09375,3,3,3,2.5234375,22.5,2.2375,35.5,2.61875,22.5,2.61875,22.5,2.61875,13.5,3,9
Energy Efficiency of Ultra-Low-Power Bicycle Wireless Sensor Networks Based on a Combination of Power Reduction Techniques,2016,26,Google Scholar,12/09/2026,Journal of Sensors,Q2,Q1/Q2,TPC-based distance estimation (PSO-ANN) & TPC-based accelerometer algorithms,New Technique,Communication Protocol Optimization,Simulation and Real World Implementation,2.363636364,1.073863636,3,3,3,2.518465909,24,2.229545455,39,2.614772727,24,2.614772727,24,2.614772727,15,3,9
EdgeWise: Energy-efficient CNN Computation on Edge Devices under Stochastic Communication Delays,2022,10,Google Scholar,12/09/2026,ACM Transactions on Embedded Computing Systems,Q2,Q1/Q2,EdgeWise MDP-based CNN Offloading,New Technique,Data Reduction,Real World Implementation,2,1.0625,3,3,3,2.515625,25.5,2.225,41.5,2.6125,25.5,2.6125,25.5,2.6125,16.5,3,9
A Hybrid Algorithm for Optimising Power Consumption of Wireless Sensor Networks in Precision Agriculture,2026,2,Google Scholar,12/09/2026,IET Networks,Q2,Q1/Q2,Hybrid S/W‑ADS‑RD‑DVS algorithm,New Technique,Energy Harvesting,Real World Implementation,2,1.0625,3,3,3,2.515625,25.5,2.225,41.5,2.6125,25.5,2.6125,25.5,2.6125,16.5,3,9
Energy-efficient multi-UAV-enabled multiaccess edge computing incorporating NOMA,2020,235,Google Scholar,12/09/2026,IEEE Internet of Things Journal ,Q1,Q1/Q2,Joint resource allocation and UAV trajectory optimization,New Technique,Task Offloading,Simulation,33.57142857,2.049107143,3,3,2,2.512276786,27,2.419642857,13,2.609821429,27,2.609821429,27,2.409821429,29,2.666666667,65
"An Energy-Efficient Data Aggregation Mechanism for IoT Secured by Blockchain.
",2022,152,Google Scholar,12/09/2026,IEEE Access,Q1,Q1/Q2,"Energy-Efficient Data Aggregation
Mechanism (EEDAM).

Blockchain integeration.

Fuzzy Similarity Matrix.

Sleep Scheduling Mechanism.",New Technique,Clustering,Simulation,30.4,1.95,3,3,2,2.4875,28,2.38,14,2.59,28,2.59,28,2.39,33,2.666666667,65
Energy-Efficient UAV-Mounted RIS Assisted Mobile Edge Computing.,2022,137,Google Scholar,12/09/2026,IEEE Communications Letters,Q1,Q1/Q2,Successive Convex Approximation (SCA) and Dinkelbach method.,New Technique,Task offloading,Simulation,27.4,1.85625,3,3,2,2.4640625,29,2.3425,18,2.57125,29,2.57125,29,2.37125,34,2.666666667,65
Dynamic Task Offloading and Resource Allocation for NOMA-Aided Mobile Edge Computing: An Energy Efficient Design,2024,76,Google Scholar,12/09/2026,IEEE Transactions on services computing,Q1,Q1/Q2,"EETO algorithm
Lyapunov stochastic optimization",New Technique,Task Offloading,Simulation,25.33333333,1.791666667,3,3,2,2.447916667,30,2.316666667,22,2.558333333,30,2.558333333,30,2.358333333,35,2.666666667,65
Energy-Efficient Cooperative Communication and Computation for Wireless Powered Mobile-Edge Computing.,2022,120,Google Scholar,12/09/2026,IEEE Systems Journal,Q1,Q1/Q2,"Harvest-and-Offload Protocol.
SDR.",New Technique,Task offloading,Simulation,24,1.75,3,3,2,2.4375,31,2.3,24,2.55,31,2.55,31,2.35,36,2.666666667,65
"A Metaheuristic Optimization Approach for Energy Efficiency in the IoT
Networks",2021,335,Google Scholar,12/09/2026,Software - Practice and Experience,Q2,Q1/Q2,"
The proposed approach utilizes a hybrid meta-heuristic algorithm that combines the Whale Optimization Algorithm (WOA) with Simulated Annealing (SA). To select the optimal Cluster Head (CH) in IoT network clusters, several performance metrics are considered, including the number of active nodes, load, temperature, and residual energy.
",Modified Technique,Clustering,Simulation,55.83333333,2.744791667,3,2,2,2.436197917,32,2.497916667,6,2.548958333,32,2.348958333,109,2.348958333,37,2.333333333,139.5
Energy-Efficient Resource Allocation for Heterogeneous Edge-Cloud Computing,2024,71,Google Scholar,12/09/2026,IEEE Internet of Things Journal ,Q1,Q1/Q2,"Joint power control, transmission scheduling, & offloading (MIP optimization)
MAH heuristic",New Technique,Task Offloading,Simulation,23.66666667,1.739583333,3,3,2,2.434895833,33,2.295833333,25,2.547916667,33,2.547916667,32,2.347916667,38,2.666666667,65
Energy Efficient Routing Protocol Using Exponentially-Ant Lion Whale Optimization Algorithm in Wireless Sensor Networks,2021,130,Google Scholar,12/09/2026,Computer Networks,Q1,Q1/Q2,Exponentially-Ant Lion Whale Optimization (E-ALWO) for CH & trust-based routing,New Technique,Security Aware Energy Optimization,Simulation,21.66666667,1.677083333,3,3,2,2.419270833,34,2.270833333,27,2.535416667,34,2.535416667,33,2.335416667,39,2.666666667,65
Energy-Efficient Routing Protocol Based on Multi-Threshold Segmentation in Wireless Sensors Networks for Precision Agriculture,2022,108,Google Scholar,12/09/2026,IEEE Sensors Journal,Q1,Q1/Q2,Otsu multi-threshold segmentation for clustering  & optimal CH location/residual-energy selection,New Technique,Clustering,Simulation,21.6,1.675,3,3,2,2.41875,35,2.27,28,2.535,35,2.535,34,2.335,40,2.666666667,65
Energy-efficient task offloading strategy in mobile edge computing for resource-intensive mobile applications,2022,106,Google Scholar,12/09/2026,Digital Communications and Networks,Q1,Q1/Q2,Hybrid PSO-GWO optimization,New Technique,Task Offloading,Simulation,21.2,1.6625,3,3,2,2.415625,36,2.265,29,2.5325,36,2.5325,35,2.3325,41,2.666666667,65
Energy-efficient task offloading and efficient resource allocation for edge computing: a quantum inspired particle swarm optimization approach,2025,41,Google Scholar,12/09/2026,"Cluster Computing, The journal of networks, software tools and applications",Q1,Q1/Q2,Quantum-Inspired Particle Swarm Optimization (QIPSO-WSA),New Technique,Task Offloading,Simulation,20.5,1.640625,3,3,2,2.41015625,37,2.25625,32,2.528125,37,2.528125,36,2.328125,42,2.666666667,65
Energy Efficient Scheme for Better Connectivity in Sustainable Mobile Wireless Sensor Networks,2021,111,Google Scholar,12/09/2026,Sustainable Computing: Informatics and Systems,Q1,Q1/Q2,Probabilistic network connectivity model & energy/connectivity optimization algorithm,New Technique,Communication Protocol Optimization,Simulation,18.5,1.578125,3,3,2,2.39453125,38,2.23125,37,2.515625,38,2.515625,37,2.315625,43,2.666666667,65
Dynamic computation offloading in edge computing for internet of things,2019,147,Google Scholar,12/09/2026,IEEE Internet of Things Journal ,Q1,Q1/Q2,"Dynamic Computation Offloading Algorithm)
Lyapunov stochastic optimization",New Technique,Task Offloading,Simulation,18.375,1.57421875,3,3,2,2.393554688,39,2.2296875,38,2.51484375,39,2.51484375,38,2.31484375,44,2.666666667,65
An energy-efficient model for fog computing in the Internet of Things (IoT),2018,164,Google Scholar,12/09/2026,Internet of things,Q1,Q1/Q2,"TBFC, hierarchical fog model",New Technique,Routing Optimization,Simulation,18.22222222,1.569444444,3,3,2,2.392361111,40,2.227777778,40,2.513888889,40,2.513888889,39,2.313888889,45,2.666666667,65
Energy-efficient and delay-guaranteed workload allocation in iot-edge-cloud computing systems,2019,135,Google Scholar,12/09/2026,IEEE Access,Q1,Q1/Q2,Delay-Based Workload Allocation (DBWA) using Lyapunov drift-plus-penalty,New Technique,Routing Optimization,Simulation,16.875,1.52734375,3,3,2,2.381835938,41,2.2109375,43,2.50546875,41,2.50546875,40,2.30546875,46,2.666666667,65
Computation Energy Efficiency Maximization for NOMA-Based and Wireless-Powered Mobile Edge Computing with Backscatter Communication.,2024,49,Google Scholar,12/09/2026,IEEE Transactions on Mobile Computing,Q1,Q1/Q2,Dinkelbach-based Backscatter Coefficient Update Algorithms (DBCU-I and DBCU-II) for CEE maximization,New Technique,Task offloading,Simulation,16.33333333,1.510416667,3,3,2,2.377604167,42,2.204166667,44,2.502083333,42,2.502083333,41,2.302083333,47,2.666666667,65
Energy Efficiency Maximization in Mobile Wireless Energy Harvesting Sensor Networks,2018,144,Google Scholar,12/09/2026,IEEE Transactions on Mobile Computing,Q1,Q1/Q2,Resource Allocation (ResAll) via fractional programming and Lagrange dual decomposition,New Technique,Energy Harvesting,Simulation,16,1.5,3,3,2,2.375,43,2.2,45,2.5,43,2.5,42,2.3,48,2.666666667,65
Refining Network Lifetime of Wireless Sensor Network Using Energy-Efficient Clustering and DRL-Based Sleep Scheduling,2020,108,Google Scholar,12/09/2026,Sensors,Q1,Q1/Q2,Hybrid PSO+Affinity Propagation clustering; DRL-based duty cycling; ACO+Firefly routing,New Technique,Clustering,Simulation,15.42857143,1.482142857,3,3,2,2.370535714,44,2.192857143,46,2.496428571,44,2.496428571,43,2.296428571,49,2.666666667,65
Energy efficient for UAV-enabled mobile edge computing networks: Intelligent task prediction and offloading,2020,104,Google Scholar,12/09/2026,Computer Communications,Q1,Q1/Q2,UAV energy efficiency optimization via task offloading,New Technique,Task Offloading,Simulation,14.85714286,1.464285714,3,3,2,2.366071429,45,2.185714286,47,2.492857143,45,2.492857143,44,2.292857143,50,2.666666667,65
"Low-Cost, Low-Power Edge Computing System for Structural Health Monitoring in an IoT Framework",2024,44,Google Scholar,12/09/2026,Sensors,Q1,Q1/Q2,Random Decrement Technique (RDT),Modified Technique,Data Reduction,Real World Implementation,14.66666667,1.458333333,3,2,3,2.364583333,46,2.183333333,48,2.491666667,46,2.291666667,110,2.491666667,21,2.666666667,65
Device vs Edge Computing for Mobile Services: Delay-Aware Decision Making to Minimize Power Consumption.,2021,87,Google Scholar,12/09/2026,IEEE Transactions on Mobile Computing,Q1,Q1/Q2,"J-PAD (Joint Power Allocation and Decision Making) algorithm.
C-PAD (Channel-Power-Decision) distributed algorithm.
",New Technique,Task offloading,Simulation,14.5,1.453125,3,3,2,2.36328125,47,2.18125,49,2.490625,47,2.490625,45,2.290625,51,2.666666667,65
Energy-Efficient Fair Cooperation Fog Computing in Mobile Edge Networks for Smart City.,2019,115,Google Scholar,12/09/2026,IEEE Internet of Things Journal ,Q1,Q1/Q2,Fairness Cooperation Algorithm (FCA).,New Technique,Task offloading,Simulation,14.375,1.44921875,3,3,2,2.362304688,48,2.1796875,50,2.48984375,48,2.48984375,46,2.28984375,52,2.666666667,65
Energy Efficient Data and Energy Integrated Management Strategy for IoT Devices Based on RF Energy Harvesting,2021,83,Google Scholar,12/09/2026,IEEE Internet of Things Journal ,Q1,Q1/Q2,"Node Sampling Scheduling Algorithm: Matrix Completion-Based Data Reconstruction, Adaptive RF Energy Management Strategy: Data and Energy Integrated Network(DEIN)",New Technique,Energy Harvesting,Simulation,13.83333333,1.432291667,3,3,2,2.358072917,49,2.172916667,51,2.486458333,49,2.486458333,47,2.286458333,53,2.666666667,65
Energy-Efficient Secure Computation Offloading in Wireless Powered Mobile Edge Computing Systems,2023,55,Google Scholar,12/09/2026,IEEE Transactions on Vehicular Technology,Q1,Q1/Q2,Two-layer optimization (SCA & Dinkelbach),New Technique,Security Aware Energy Optimization,Simulation,13.75,1.4296875,3,3,2,2.357421875,50,2.171875,52,2.4859375,50,2.4859375,48,2.2859375,54,2.666666667,65
Energy Efficient Clustering Algorithm Based on Particle Swarm Optimization Technique for Wireless Sensor Networks,2021,82,Google Scholar,12/09/2026,Wireless Personal Communications,Q2,Q1/Q2,Particle Swarm Optimization (PSO) for CH selection; assistant/super-CH role division,New Technique,Clustering,Simulation,13.66666667,1.427083333,3,3,2,2.356770833,51,2.170833333,53,2.485416667,51,2.485416667,49,2.285416667,55,2.666666667,65
Energy-Efficient Multiaccess Edge Computing for Terrestrial-Satellite Internet of Things,2021,271,Google Scholar,12/09/2026,IEEE Internet of Things Journal ,Q1,Q1/Q2,"E-CORA, SFP, resource allocation",Modified Technique,Routing Optimization,Simulation,45.16666667,2.411458333,3,2,2,2.352864583,52,2.364583333,16,2.482291667,52,2.282291667,111,2.282291667,56,2.333333333,139.5
DECO: A Deadline-Aware and Energy-Efficient Algorithm for Task Offloading in Mobile Edge Computing,2023,50,Google Scholar,12/09/2026,IEEE Systems Journal,Q1,Q1/Q2,DECO (Deadline-aware and Energy-efficient Computation Offloading),New Technique,Task Offloading,Simulation,12.5,1.390625,3,3,2,2.34765625,53,2.15625,54,2.478125,53,2.478125,50,2.278125,58,2.666666667,65
LightIoT: Lightweight and Secure Communication for Energy-Efficient IoT in Health Informatics,2021,74,Google Scholar,12/09/2026,IEEE Transactions on Green Communications and Networking,Q1,Q1/Q2,"LightIoT is a lightweight yet secure communication scheme designed for green communications, focusing on biomedical data in IoT-enabled health informatics.",New Technique,Security Aware Energy Optimization,Simulation,12.33333333,1.385416667,3,3,2,2.346354167,54,2.154166667,55,2.477083333,54,2.477083333,51,2.277083333,59,2.666666667,65
Energy-Efficient Dynamic and Adaptive State-Based Scheduling (EDASS) Scheme for Wireless Sensor Networks,2022,61,Google Scholar,12/09/2026,IEEE Sensors Journal,Q1,Q1/Q2,Four-state adaptive scheduling (Active/Wait/Sleep/Route),New Technique,Communication Protocol Optimization,Simulation,12.2,1.38125,3,3,2,2.3453125,55,2.1525,56,2.47625,55,2.47625,52,2.27625,60,2.666666667,65
An Energy-Efficient Dual Prediction Scheme Using LMS Filter and LSTM in Wireless Sensor Networks for Environment Monitoring,2019,96,Google Scholar,12/09/2026,IEEE Internet of Things Journal ,Q1,Q1/Q2,Least Mean Square (LMS) filter dual prediction scheme (GDLMS) + feed-forward NN,New Technique,Data Reduction,Simulation,12,1.375,3,3,2,2.34375,56,2.15,57,2.475,56,2.475,53,2.275,61,2.666666667,65
Energy-Efficient Heuristic Computation Offloading With Delay Constraints in Mobile Edge Computing.,2023,46,Google Scholar,12/09/2026,IEEE Transactions on services computing,Q1,Q1/Q2,Iterative heuristic + two-stage optimization,New Technique,Task offloading,Simulation,11.5,1.359375,3,3,2,2.33984375,57,2.14375,58,2.471875,57,2.471875,54,2.271875,62,2.666666667,65
Energy-Efficient UAV-Aided Target Tracking Systems Based on Edge Computing.,2022,57,Google Scholar,12/09/2026,IEEE Internet of Things Journal ,Q1,Q1/Q2,Energy-Efficient UAV Task Distribution (EUTD) Algorithm.,New Technique,Task offloading,Simulation,11.4,1.35625,3,3,2,2.3390625,58,2.1425,59,2.47125,58,2.47125,55,2.27125,63,2.666666667,65
"IoT Assisted Hierarchical Computation Strategic Making (HCSM) and Dynamic Stochastic Optimization Technique (DSOT) for Energy Optimization in Wireless Sensor Networks for Smart City Monitoring.
",2020,76,Google Scholar,12/09/2026,Computer Communications,Q1,Q1/Q2,"Hierarchical Computation Strategy Making (HCSM),
Dynamic Stochastic Optimization Technique (DSOT),
Clustering.
K-means algorithm.",New Technique,Clustering,Simulation,10.85714286,1.339285714,3,3,2,2.334821429,59,2.135714286,60,2.467857143,59,2.467857143,56,2.267857143,64,2.666666667,65
Energy-aware Mobile Edge Computing and Routing for Low-latency Visual Data Processing,2018,96,Google Scholar,12/09/2026,IEEE Transactions on Multimedia,Q1,Q1/Q2,Energy-aware computation offloading and routing based on residual energy and latency,Modified Technique,Routing Optimization,Simulation and Real World Implementation,10.66666667,1.333333333,3,2,3,2.333333333,60,2.133333333,61,2.466666667,60,2.266666667,112,2.466666667,23,2.666666667,65
Energy-Efficient Task Offloading for Three-Tier Wireless-Powered Mobile-Edge Computing,2023,42,Google Scholar,12/09/2026,IEEE Internet of Things Journal ,Q1,Q1/Q2,"Bipartite graph matching
WiEnTM algorithm",New Technique,Task Offloading,Simulation,10.5,1.328125,3,3,2,2.33203125,61.5,2.13125,62.5,2.465625,61.5,2.465625,57.5,2.265625,65.5,2.666666667,65
"
Edge assisted energy optimization 
for mobile AR applications 
for enhanced battery life and 
performance",2025,21,Google Scholar,12/09/2026,Scientific Reports,Q1,Q1/Q2,"Hello, Link-state",New Technique,Clustering,Simulation,10.5,1.328125,3,3,2,2.33203125,61.5,2.13125,62.5,2.465625,61.5,2.465625,57.5,2.265625,65.5,2.666666667,65
Energy Efficient Clustering-Based Mobile Routing Algorithm on WSNs,2021,62,Google Scholar,12/09/2026,IEEE Access,Q1,Q1/Q2,Greedy&GA and ANN&GA CH selection and GA mobile-sink routing,New Technique,Routing Optimization,Simulation,10.33333333,1.322916667,3,3,2,2.330729167,63,2.129166667,64,2.464583333,63,2.464583333,59,2.264583333,67,2.666666667,65
Energy-Aware Mobile Edge Computation Offloading for IoT Over Heterogenous Networks,2019,82,Google Scholar,12/09/2026,IEEE Access,Q1,Q1/Q2,Iterative MEC offloading + power allocation framework,New Technique,Task Offloading,Simulation,10.25,1.3203125,3,3,2,2.330078125,64,2.128125,65,2.4640625,64,2.4640625,60,2.2640625,68,2.666666667,65
Energy Efficient Dynamic Offloading in Mobile Edge Computing for Internet of Things,2019,335,Google Scholar,12/09/2026,IEEE Transactions on Cloud Computing,Q1,Q1/Q2,"EEDOA, Lyapunov optimization",Modified Technique,Routing Optimization,Simulation,41.875,2.30859375,3,2,2,2.327148438,65,2.3234375,20,2.46171875,65,2.26171875,113,2.26171875,69,2.333333333,139.5
Design and energy-efficient resource management of virtualized networked Fog architectures for the real-time support of IoT applications,2018,88,Google Scholar,12/09/2026,Journal of Supercomputing,Q2,Q1/Q2,"1. Container-based virtualized Fog architecture
2. Penalty-aware bin packing heuristic",New Technique,Task Offloading,Simulation,9.777777778,1.305555556,3,3,2,2.326388889,66,2.122222222,66,2.461111111,66,2.461111111,61,2.261111111,70,2.666666667,65
Energy-Efficient Multiprocessor-Based Computation and Communication Resource Allocation in Two-Tier Federated Learning Networks,2023,39,Google Scholar,12/09/2026,IEEE Internet of Things Journal ,Q1,Q1/Q2,"1. Dual decomposition
2. Bisection search optimization
3. Offline & online client scheduling schemes",New Technique,Task Offloading,Simulation,9.75,1.3046875,3,3,2,2.326171875,67,2.121875,67,2.4609375,67,2.4609375,62,2.2609375,71,2.666666667,65
Energy-Efficient Task Offloading for Distributed Edge Computing in Vehicular Networks,2024,29,Google Scholar,12/09/2026,IEEE Transactions on Vehicular Technology,Q1,Q1/Q2,Double-Iteration Joint Optimization Algorithm (DIJOA),New Technique,Task Offloading,Simulation,9.666666667,1.302083333,3,3,2,2.325520833,68,2.120833333,68.5,2.460416667,68,2.460416667,63,2.260416667,72,2.666666667,65
Energy-Efficiency Optimization of Active Flying-RIS-Assisted Mobile-Edge Computing Networks: A Deep-Reinforcement-Learning Approach,2025,19,Google Scholar,12/09/2026,IEEE Internet of Things Journal ,Q1,Q1/Q2,PPO-based DRL (PPO-RATDFRO),New Technique,Task Offloading,Simulation,9.5,1.296875,3,3,2,2.32421875,69,2.11875,70,2.459375,69,2.459375,64,2.259375,73,2.666666667,65
A Storage Optimization and Energy-Efficiency-Based Edge-Enabled Companion-Side eHealth Monitoring System for IoT-Based Smart Hospitals,2024,28,Google Scholar,12/09/2026,IEEE Internet of Things Journal ,Q1,Q1/Q2,,New Technique,Data Reduction,Simulation,9.333333333,1.291666667,3,3,2,2.322916667,70,2.116666667,71,2.458333333,70,2.458333333,65,2.258333333,74,2.666666667,65
Container-based load balancing for energy efficiency in software-defined edge computing environment.,2021,55,Google Scholar,12/09/2026,Sustainable Computing: Informatics and Systems,Q1,Q1/Q2,"Container-as-a-service (Caas) based framework.
Multi-leader multi-follower Stackelberg game.
Ensemble container allocation, consolidation and migration scheme.",New Technique,Task offloading,Simulation,9.166666667,1.286458333,3,3,2,2.321614583,71,2.114583333,72,2.457291667,71,2.457291667,66,2.257291667,75,2.666666667,65
Sustainable Environmental Monitoring via Energy and Information Efficient Multinode Placement,2023,35,Google Scholar,12/09/2026,IEEE Internet of Things Journal ,Q1,Q1/Q2,GENS framework: QR-decomposition sensor placement and gateway placement and GA energy optimization,New Technique,Hardware / Architecture Modifications,Simulation,8.75,1.2734375,3,3,2,2.318359375,72,2.109375,75,2.4546875,72,2.4546875,67,2.2546875,76,2.666666667,65
Weighted Energy-Efficiency Maximization for a UAV-Assisted Multiplatoon Mobile-Edge Computing System,2022,43,Google Scholar,12/09/2026,IEEE Internet of Things Journal ,Q1,Q1/Q2,Sequential Quadratic Programming (SQP) & Interior-Point Algorithm,New Technique,Task Offloading,Simulation,8.6,1.26875,3,3,2,2.3171875,73,2.1075,76,2.45375,73,2.45375,68,2.25375,77,2.666666667,65
Energy Efficient Distributed Processing for IoT. ,2020,58,Google Scholar,12/09/2026,IEEE Access,Q1,Q1/Q2,"MILP.
EEDP greedy heuristic.",New Technique,Task offloading,Simulation,8.285714286,1.258928571,3,3,2,2.314732143,74,2.103571429,78,2.451785714,74,2.451785714,69,2.251785714,78,2.666666667,65
Energy-efficient trajectory planning for a multi-UAV-assisted mobile edge computing system.,2020,57,Google Scholar,12/09/2026,Frontiers of Information Technology and Electronic Engineering,Q2,Q1/Q2,"Trajectory Planning Algorithm (TPA).
Differential Evolution with variable population.
K-means clustering for UAV-SP association.
Greedy method for trajectory ordering.",New Technique,Task offloading,Simulation,8.142857143,1.254464286,3,3,2,2.313616071,75,2.101785714,79,2.450892857,75,2.450892857,70,2.250892857,79,2.666666667,65
Energy efficient computation offloading mechanism in multi-server mobile edge computing—an integer linear optimization approach.,2020,56,Google Scholar,12/09/2026,Electronics,Q2,Q1/Q2,"Integer Linear Programming (ILP)-based dynamic
computation offloading.
Mode switching.",New Technique,Task offloading,Simulation,8,1.25,3,3,2,2.3125,76.5,2.1,80.5,2.45,76.5,2.45,71.5,2.25,80.5,2.666666667,65
Low-Power Embedded Sensor Node for Real-Time Environmental Monitoring with On-Board Machine-Learning Inference,2026,8,Google Scholar,12/09/2026,Sensors,Q1,Q1/Q2,Quantized neural network (fixed-point) for on-device multi-class anomaly classification,New Technique,Hardware / Architecture Modifications,Simulation,8,1.25,3,3,2,2.3125,76.5,2.1,80.5,2.45,76.5,2.45,71.5,2.25,80.5,2.666666667,65
An Energy Efficient Coverage Aware Algorithm in Energy Harvesting Wireless Sensor Networks,2023,31,Google Scholar,12/09/2026,Wireless Networks,Q2,Q1/Q2,Constrained Relay Harvesting Node Placement (CRHNP); Maximal Covering Sets (MCS) scheduling,New Technique,Energy Harvesting,Simulation,7.75,1.2421875,3,3,2,2.310546875,78,2.096875,82,2.4484375,78,2.4484375,73,2.2484375,82,2.666666667,65
UAV-assisted cooperative offloading energy efficiency system for mobile edge computing.,2024,22,Google Scholar,12/09/2026,Digital Communications and Networks,Q1,Q1/Q2,Block Coordinate Descent (BCD)-based iterative optimization algorithm,New Technique,Task offloading,Simulation,7.333333333,1.229166667,3,3,2,2.307291667,79.5,2.091666667,84.5,2.445833333,79.5,2.445833333,74.5,2.245833333,83.5,2.666666667,65
ScalEdge: A framework for scalable edge computing in Internet of things–based smart systems,2021,44,Google Scholar,12/09/2026,International Journal of Distributed Sensor Networks,Q2,Q1/Q2,Energy-Efficient Recursive Clustering (EERC),New Technique,Clustering,Simulation,7.333333333,1.229166667,3,3,2,2.307291667,79.5,2.091666667,84.5,2.445833333,79.5,2.445833333,74.5,2.245833333,83.5,2.666666667,65
Improved Energy Efficient WSN Using ACO Based HSA for Optimal Cluster Head Selection,2020,49,Google Scholar,12/09/2026,Peer-to-Peer Networking and Applications,Q2,Q1/Q2,Ant Colony Optimization (ACO) path clustering & Harmonic Search Algorithm (HSA) for CH selection,New Technique,Routing Optimization,Simulation,7,1.21875,3,3,2,2.3046875,81,2.0875,87,2.44375,81,2.44375,76,2.24375,85,2.666666667,65
"Optimal Power Control in Green Wireless Sensor Networks With Wireless Energy Harvesting, Wake-Up Radio and Transmission Control",2017,68,Google Scholar,12/09/2026,IEEE Access,Q1,Q1/Q2,Distributed dual subgradient algorithm (Lagrange multiplier method) for utility-lifetime optimization,New Technique,Energy Harvesting,Simulation,6.8,1.2125,3,3,2,2.303125,82,2.085,89,2.4425,82,2.4425,77,2.2425,86,2.666666667,65
"SEES: a scalable and energy‑efficient scheme for green IoT‑based 
heterogeneous wireless nodes",2018,61,Google Scholar,12/09/2026,Journal of Ambient Intelligence and Humanized Computing,Q2,Q1/Q2,SEES,New Technique,Energy Harvesting,Simulation,6.777777778,1.211805556,3,3,2,2.302951389,83,2.084722222,90,2.442361111,83,2.442361111,78,2.242361111,87,2.666666667,65
Advanced Energy-Efficient Computation Offloading Using Deep Reinforcement Learning in MTC Edge Computing,2020,45,Google Scholar,12/09/2026,IEEE Access,Q1,Q1/Q2,DRL-based computation offloading (edge–cloud mode selection),New Technique,Task Offloading,Simulation,6.428571429,1.200892857,3,3,2,2.300223214,84,2.080357143,91,2.440178571,84,2.440178571,79,2.240178571,88,2.666666667,65
EEDOS: an energy-efficient and delay-aware offloading scheme based on device to device collaboration in mobile edge computing,2020,30,Google Scholar,12/09/2026,Telecommunication Systems,Q2,Q1/Q2,"EEDOS
Min-cost maximum matching graph algorithm",New Technique,Task Offloading,Simulation,4.285714286,1.133928571,3,3,2,2.283482143,85.5,2.053571429,93.5,2.426785714,85.5,2.426785714,80.5,2.226785714,90.5,2.666666667,65
Energy-efficient user selection and resource allocation in mobile edge computing.,2020,30,Google Scholar,12/09/2026,Ad Hoc Networks,Q1,Q1/Q2,Joint User Selection and Resource Allocation Algorithm (JUSRA),New Technique,Task offloading,Simulation,4.285714286,1.133928571,3,3,2,2.283482143,85.5,2.053571429,93.5,2.426785714,85.5,2.426785714,80.5,2.226785714,90.5,2.666666667,65
Energy-efficient scheduling based on task prioritization in mobile fog computing,2023,17,Google Scholar,12/09/2026,Computing,Q2,Q1/Q2,"1. Greedy Knapsack Offloading Algorithm (GKOA)
2. High-Low Priority Scheduling (HLPS)",New Technique,Task Offloading,Simulation,4.25,1.1328125,3,3,2,2.283203125,87.5,2.053125,95.5,2.4265625,87.5,2.4265625,82.5,2.2265625,92.5,2.666666667,65
Enhancing the Energy Efficiency for Prolonging the Network Life Time in Multi-Conditional Multi-Sensor Based Wireless Sensor Network,2023,17,Google Scholar,12/09/2026,Journal of Control and Decision,Q2,Q1/Q2,Multi-Conditional Network Analysis (MCNA) / SEFR protocol,New Technique,Clustering,Simulation,4.25,1.1328125,3,3,2,2.283203125,87.5,2.053125,95.5,2.4265625,87.5,2.4265625,82.5,2.2265625,92.5,2.666666667,65
A Residual Energy Aware Schedule Scheme for WSNs Employing Adjustable Awake/Sleep Duty Cycle,2016,45,Google Scholar,12/09/2026,Wireless Personal Communications,Q2,Q1/Q2,Residual Energy Aware Adjustable Duty Cycle (READC),New Technique,Communication Protocol Optimization,Simulation,4.090909091,1.127840909,3,3,2,2.281960227,89,2.051136364,97,2.425568182,89,2.425568182,84,2.225568182,95,2.666666667,65
An energy‑efficient routing algorithm for dual‑energy harvesting‑assisted wireless sensor networks based on whale optimization strategy,2024,12,Google Scholar,12/09/2026,Journal of Supercomputing,Q2,Q1/Q2,DEHRA-WO,New Technique,Routing Optimization,Simulation,4,1.125,3,3,2,2.28125,90,2.05,98,2.425,90,2.425,85,2.225,96,2.666666667,65
EASE: Energy-efficient task scheduling for edge computing under uncertain runtime and unstable communication conditions,2021,22,Google Scholar,12/09/2026,Concurrency and Computation: Practice and Experience,Q2,Q1/Q2,EASE heuristic scheduling (Integer programming model),New Technique,Task Offloading,Simulation,3.666666667,1.114583333,3,3,2,2.278645833,91,2.045833333,99,2.422916667,91,2.422916667,86,2.222916667,97,2.666666667,65
Energy-Efficient Task Offloading in Multi-server Mobile Edge Computing Networks: A Deep Reinforcement Learning Approach,2025,7,Google Scholar,12/09/2026,Arabian journal for science and engineering,Q1,Q1/Q2,"1. Dynamic Load Balancing Algorithm
2. Distributed Deep Q-Learning based Energy-Efficient Task Offloading (EETO)",New Technique,Task Offloading,Simulation,3.5,1.109375,3,3,2,2.27734375,92,2.04375,100.5,2.421875,92,2.421875,87,2.221875,98,2.666666667,65
Rank-Based Energy-Efficient Key Management Routing For Wireless Sensor Network-Based Iot Medical Sensors,2023,12,Google Scholar,12/09/2026,Wireless Personal Communications,Q2,Q1/Q2,Rank-Based Energy Efficient Key Management (RBE-EKM),New Technique,Security Aware Energy Optimization,Simulation,3,1.09375,3,3,2,2.2734375,93.5,2.0375,104.5,2.41875,93.5,2.41875,88.5,2.21875,99.5,2.666666667,65
Secure-Energy Efficient Hybrid Optimal Cluster-Based Routing with Improved AES in WSN for Secure Data Transmission,2026,3,Google Scholar,12/09/2026,Peer-to-Peer Networking and Applications,Q2,Q1/Q2,KAPOA (Pufferfish and Kookaburra hybrid optimizer) CH selection and Dijkstra and Improved AES,New Technique,Security Aware Energy Optimization,Simulation,3,1.09375,3,3,2,2.2734375,93.5,2.0375,104.5,2.41875,93.5,2.41875,88.5,2.21875,99.5,2.666666667,65
Energy-Efficient Federated Learning Scheduler for VMAllocation in Edge-Cloud Continuum,2025,5,Google Scholar,12/09/2026,IEEE Access,Q1,Q1/Q2,FL-EAS (Federated Learning based Energy-Aware Scheduling),New Technique,Routing Optimization,Simulation,2.5,1.078125,3,3,2,2.26953125,95,2.03125,106,2.415625,95,2.415625,90,2.215625,102,2.666666667,65
Energy-efficient online resource management and allocation optimization in multi-user multi-task mobile-edge computing systems with hybrid energy harvesting,2018,22,Google Scholar,12/09/2026,Sensors,Q1,Q1/Q2,Lyapunov optimization + convex optimization,New Technique,Task Offloading,Simulation,2.444444444,1.076388889,3,3,2,2.269097222,96,2.030555556,107,2.415277778,96,2.415277778,91,2.215277778,103,2.666666667,65
Enabling a Battery-Less Sensor Node Using Dedicated Radio Frequency Energy Harvesting for Complete Off-Grid Applications,2020,17,Google Scholar,12/09/2026,Energies,Q1,Q1/Q2,"RF energy harvesting system using a 4W EIRP 920 MHz RF device.
Solar-powered base station.
PIC32MX220F32 microcontroller.
12 element Yagi antenna for RF energy transmission.
Step-up converter to boost the harvested RF energy.",New Technique,Energy Harvesting,Simulation,2.428571429,1.075892857,3,3,2,2.268973214,97,2.030357143,108,2.415178571,97,2.415178571,92,2.215178571,104,2.666666667,65
"Enhancing Network Efficiency and Extending Lifetime 
Through Delay Optimization and Energy Balancing 
Techniques",2023,9,Google Scholar,12/09/2026,Wireless Personal Communications,Q2,Q1/Q2,Dynamic Cluster Formation,New Technique,Clustering,Simulation,2.25,1.0703125,3,3,2,2.267578125,98,2.028125,109,2.4140625,98,2.4140625,93,2.2140625,105,2.666666667,65
Energy-Aware Offloading and Power Optimization in Full-Duplex Mobile Edge Computing-Enabled Cellular IoT Networks.,2022,10,Google Scholar,12/09/2026,IEEE Sensors Journal,Q1,Q1/Q2,Energy-Aware Offloading and Power Optimization Algorithm based on MINLP,New Technique,Task offloading,Simulation,2,1.0625,3,3,2,2.265625,100,2.025,111,2.4125,100,2.4125,95,2.2125,107,2.666666667,65
"Learning-Based Terminal-Edge Collaborative
Energy-Efficient Routing Algorithm
for Green RWSN",2024,6,Google Scholar,12/09/2026,IEEE Transactions on Industrial Informatics,Q1,Q1/Q2,L-TECOR,New Technique,Routing Optimization,Simulation,2,1.0625,3,3,2,2.265625,100,2.025,111,2.4125,100,2.4125,95,2.2125,107,2.666666667,65
Enhancing Network Monitoring in IoT with an Energy-Efficient Collaborative Framework Using Edge Computing and Federated Learning,2026,2,Google Scholar,12/09/2026,Expert Systems with Applications,Q1,Q1/Q2,Collaborative Monitoring Framework (CMF): edge computing and federated learning,New Technique,Task Offloading,Simulation,2,1.0625,3,3,2,2.265625,100,2.025,111,2.4125,100,2.4125,95,2.2125,107,2.666666667,65
"Efficient Power Conservation Mechanism in
Spline Function Defined WSN Terrain",2014,24,Google Scholar,12/09/2026,IEEE Sensors Journal,Q1,Q1/Q2,EPC,New Technique,Routing Optimization,Simulation,1.846153846,1.057692308,3,3,2,2.264423077,102,2.023076923,113,2.411538462,102,2.411538462,97,2.211538462,109,2.666666667,65
E-HIP: An Energy-Efficient OpenHIP-Based Security in Internet of Things Networks,2019,12,Google Scholar,12/09/2026,Sensors,Q1,Q1/Q2,"E-HIP, protocol optimization",Modified Technique,Security Aware Energy Optimization,Real World Implementation,1.5,1.046875,3,2,3,2.26171875,103.5,2.01875,114.5,2.409375,103,2.209375,119,2.409375,30.5,2.666666667,65
High speed and energy efficient deep neural network for edge computing,2019,12,Google Scholar,12/09/2026,"Proceedings of the 4th ACM/IEEE Symposium on Edge Computing, SEC 2019",Scopus Indexed (Aug 2026),Q3/Q4/Reputed Conference,"DFR, reservoir computing",New Technique,Data Reduction,Real World Implementation,1.5,1.046875,2,3,3,2.26171875,103.5,2.01875,114.5,2.209375,164,2.409375,98,2.409375,30.5,2.666666667,65
"Energy-Efficient Mobile Agent Protocol for Secure IoT Sustainable Applications
",2022,7,Google Scholar,12/09/2026,Sustainability,Q2,Q1/Q2,Mobile Agent-Based Edge Protocol,New Technique,Security Aware Energy Optimization,Simulation,1.4,1.04375,3,3,2,2.2609375,105,2.0175,116,2.40875,104,2.40875,99,2.20875,110,2.666666667,65
Multi-Objective May-Badger Optimizer Based Energy Efficient Routing Protocol in Dense Wireless Sensor Network,2024,4,Google Scholar,12/09/2026,Multimedia Tools and Applications,Q1,Q1/Q2,World Cup Optimization (WCO) for CH selection & hybrid Mayfly-Honey Badger (M²B) routing,New Technique,Routing Optimization,Simulation,1.333333333,1.041666667,3,3,2,2.260416667,106,2.016666667,117,2.408333333,105,2.408333333,100,2.208333333,111,2.666666667,65
Energy-Efficient Offloading Based on Efficient Cognitive Energy Management Scheme in Edge Computing Device with Energy Optimization,2022,6,Google Scholar,12/09/2026,Energies,Q1,Q1/Q2,Cognitive Energy Management Scheme (CEMS),New Technique,Routing Optimization,Simulation,1.2,1.0375,3,3,2,2.259375,107,2.015,118,2.4075,106,2.4075,101,2.2075,112,2.666666667,65
An Advanced Energy Efficient Resource Allocation for Software- Defined WSN Using Hybrid Optimization Algorithm,2025,2,Google Scholar,12/09/2026,International Journal of Communication Systems,Q2,Q1/Q2,Hybrid Election-based Ladybird Beetle Optimization (HELBO),New Technique,Communication Protocol Optimization,Simulation,1,1.03125,3,3,2,2.2578125,108.5,2.0125,119.5,2.40625,107.5,2.40625,102.5,2.20625,113.5,2.666666667,65
Energy and Coverage Area Aware Dynamic Sleep Scheduling for Green IoT,2026,1,Google Scholar,12/09/2026,Sustainable Computing: Informatics and Systems,Q1,Q1/Q2,Conflict-Factor (CF) based dynamic sleep scheduling,New Technique,Communication Protocol Optimization,Simulation,1,1.03125,3,3,2,2.2578125,108.5,2.0125,119.5,2.40625,107.5,2.40625,102.5,2.20625,113.5,2.666666667,65
"An energy-aware technique for solving the offloading problem
of mobile internet of things using an enhanced neural network-based
optimization algorithm",2025,1,Google Scholar,12/09/2026,Cluster Computing,Q1,Q1/Q2,Hybrid LS-MLP,New Technique,Routing Optimization,Simulation,0.5,1.015625,3,3,2,2.25390625,110.5,2.00625,121.5,2.403125,109.5,2.403125,104.5,2.203125,115.5,2.666666667,65
"Efficient and secure data transmission in IoT using machine learning 
framework for energy optimization",2025,1,Google Scholar,12/09/2026,International Journal of Information Technology,Q1,Q1/Q2,ML Framework,New Technique,Security Aware Energy Optimization,Simulation,0.5,1.015625,3,3,2,2.25390625,110.5,2.00625,121.5,2.403125,109.5,2.403125,104.5,2.203125,115.5,2.666666667,65
Development of Energy Efficient Routing and Network Life Time Optimization in IoT-based WSN by Hybrid Reptile Search-Artificial Gorilla Troops Optimization,2026,0,Google Scholar,12/09/2026,Wireless Networks,Q2,Q1/Q2,Hybrid Reptile Search-Artificial Gorilla Troops Optimization (HRS-AGTO) for CH selection & routing,New Technique,Routing Optimization,Simulation,0,1,3,3,2,2.25,113.5,2,124.5,2.4,113,2.4,107,2.2,118,2.666666667,65
ETBORC: Energy and Trust-aware Bio-inspired Optimized Routing Based on Clustering for Securing Wireless Sensor Network,2026,0,Google Scholar,12/09/2026,Wireless Personal Communications,Q2,Q1/Q2,Spotted Hyena Optimization (SHO) for CH selection & Chameleon Swarm Algorithm (CSA) for secure routing,New Technique,Security Aware Energy Optimization,Simulation,0,1,3,3,2,2.25,113.5,2,124.5,2.4,113,2.4,107,2.2,118,2.666666667,65
Design and Implementation of a Low-Cost and Low-Power Wireless Sensor Network for Estuary Environmental Monitoring,2026,0,Google Scholar,12/09/2026,Electronics,Q2,Q1/Q2,Synchronized cyclic sleep scheduling over mesh network,Modified Technique,Hardware / Architecture Modifications,Real World Implementation,0,1,3,2,3,2.25,113.5,2,124.5,2.4,111,2.2,120,2.4,32,2.666666667,65
Energy-Efficient Federated Edge Learning for Small-Scale Datasets in Large IoT Networks,2026,0,Google Scholar,12/09/2026,IEEE Transactions on Wireless Communications,Q1,Q1/Q2,Collaborative optimization: stochastic online learning and MM-based distributed algorithm,New Technique,Task Offloading,Simulation,0,1,3,3,2,2.25,113.5,2,124.5,2.4,113,2.4,107,2.2,118,2.666666667,65
Computation Energy Efficiency Maximization for a NOMA-Based WPT-MEC Network,2021,154,Google Scholar,12/09/2026,IEEE Internet of Things Journal ,Q1,Q1/Q2,"Dinkelbach method, fractional optimization",Modified Technique,Energy Harvesting,Simulation,25.66666667,1.802083333,3,2,2,2.200520833,116,2.120833333,68.5,2.360416667,115,2.160416667,121,2.160416667,120,2.333333333,139.5
SWARAM: Osprey Optimization Algorithm-Based Energy-Efficient Cluster Head Selection for Wireless Sensor Network-Based Internet of Things,2024,75,Google Scholar,12/09/2026,Sensors,Q1,Q1/Q2,"Osprey optimization algorithm (SWARAM) for energy-efficient cluster head selection in WSNs

Cluster formation 

CH selection using Euclidean distance and SWARAM technique",Modified Technique,Clustering,Simulation,25,1.78125,3,2,2,2.1953125,117,2.1125,73,2.35625,116,2.15625,122,2.15625,121,2.333333333,139.5
Revenue and Energy Efficiency-Driven Delay-Constrained Computing Task Offloading and Resource Allocation in a Vehicular Edge Computing Network: A Deep Reinforcement Learning Approach,2022,123,Google Scholar,12/09/2026,IEEE Internet of Things Journal ,Q1,Q1/Q2,Multiagent Deep Deterministic Policy Gradient (JORA-MADDPG),Modified Technique,Task Offloading,Simulation,24.6,1.76875,3,2,2,2.1921875,118,2.1075,77,2.35375,117,2.15375,123,2.15375,122,2.333333333,139.5
UAV-Aided Energy-Efficient Edge Computing Networks: Security Offloading Optimization,2022,118,Google Scholar,12/09/2026,IEEE Internet of Things Journal ,Q1,Q1/Q2,"Convex optimization, bisection algorithm",Modified Technique,Security Aware Energy Optimization,Simulation,23.6,1.7375,3,2,2,2.184375,119,2.095,83,2.3475,118,2.1475,124,2.1475,123,2.333333333,139.5
Energy-Efficient Task Scheduling Based on Traffic Mapping in Heterogeneous Mobile-Edge Computing: A Green IoT Perspective,2022,116,Google Scholar,12/09/2026,IEEE Transactions on Green Communications and Networking,Q1,Q1/Q2,"ESTMP, traffic mapping, slack-space scheduling",Modified Technique,Routing Optimization,Simulation,23.2,1.725,3,2,2,2.18125,120,2.09,86,2.345,119,2.145,125,2.145,124,2.333333333,139.5
Integrated Sensing and Communication Assisted Mobile Edge Computing: An Energy-Efficient Design via Intelligent Reflecting Surface,2022,115,Google Scholar,12/09/2026,IEEE Communications Letters,Q1,Q1/Q2,DC programming,Modified Technique,Routing Optimization,Simulation,23,1.71875,3,2,2,2.1796875,121,2.0875,88,2.34375,120,2.14375,126,2.14375,125,2.333333333,139.5
Energy-Efficient Federated Learning With Resource Allocation for Green IoT Edge Intelligence in B5G,2023,85,Google Scholar,12/09/2026,IEEE Access,Q1,Q1/Q2,"Joint optimization of CPU frequency, transmission power, bandwidth allocation, and learning accuracy",Modified Technique,Task Offloading,Simulation,21.25,1.6640625,3,2,2,2.166015625,122,2.065625,92,2.3328125,121,2.1328125,127,2.1328125,126,2.333333333,139.5
Intelligent workload allocation in IoT–Fog–cloud architecture towards mobile edge computing,2021,117,Google Scholar,12/09/2026,Computer Communications,Q1,Q1/Q2,Green energy powered fog devices + optimized workload allocation,Modified Technique,Task Offloading,Simulation,19.5,1.609375,3,2,2,2.15234375,123,2.04375,100.5,2.321875,122,2.121875,128,2.121875,127,2.333333333,139.5
Energy efficient clustering with disease diagnosis model for IoT based sustainable healthcare systems,2020,135,Google Scholar,12/09/2026,Sustainable Computing: Informatics and Systems,Q1,Q1/Q2,"EEPSOC-ANN model

Energy efficient PSO based Clustering for selection of Cluster Head

ANN for disease diagnosis on cloud server",Modified Technique,Clustering,Simulation,19.28571429,1.602678571,3,2,2,2.150669643,124,2.041071429,102,2.320535714,123,2.120535714,129,2.120535714,128,2.333333333,139.5
"Energy efficient offloading mechanism using particle swarm
optimization in 5G enabled edge nodes",2023,77,Google Scholar,12/09/2026,Cluster Computing,Q1,Q1/Q2,Particle Swarm Optimization (PSO),Modified Technique,Routing Optimization,Simulation,19.25,1.6015625,3,2,2,2.150390625,125,2.040625,103,2.3203125,124,2.1203125,130,2.1203125,129,2.333333333,139.5
Toward Energy-Efficient and Cost-Effective Task Offloading in Mobile Edge Computing for Intelligent Surveillance Systems,2024,45,Google Scholar,12/09/2026,IEEE Transactions on Consumer Electronics,Q1,Q1/Q2,"1. Binary & Partial Task Offloading
2. Module Placement Algorithm",Modified Technique,Task Offloading,Simulation,15,1.46875,3,2,2,2.1171875,127,1.9875,129,2.29375,126,2.09375,132,2.09375,131,2.333333333,139.5
A Hybrid Energy Harvesting Design for On-Body Internet-of-Things (IoT) Networks,2020,105,Google Scholar,12/09/2026,Sensors,Q1,Q1/Q2,A hybrid energy harvesting design that combines RF energy harvesting using a rectenna and thermal energy harvesting using a thermoelectric generator (TEG).,Modified Technique,Energy Harvesting,Simulation,15,1.46875,3,2,2,2.1171875,127,1.9875,129,2.29375,126,2.09375,132,2.09375,131,2.333333333,139.5
"LP-MAB: Improving the Energy Efficiency of LoRaWAN Using a Reinforcement-Learning-Based Adaptive Configuration Algorithm.
",2023,60,Google Scholar,12/09/2026,Sensors,Q1,Q1/Q2,A centralized Low-Power Multi-Armed Bandit (LP-MAB) algorithm using SE and EXP3 strategies.,Modified Technique,Communication Protocol Optimization,Simulation,15,1.46875,3,2,2,2.1171875,127,1.9875,129,2.29375,126,2.09375,132,2.09375,131,2.333333333,139.5
Low-latency and energy-efficient scheduling in fog-based IoT applications,2019,117,Google Scholar,12/09/2026,Turkish Journal of Electrical Engineering and Computer Sciences,Q2,Q1/Q2,"GKS, greedy scheduling, knapsack",Modified Technique,Routing Optimization,Simulation,14.625,1.45703125,3,2,2,2.114257813,129.5,1.9828125,131.5,2.29140625,128.5,2.09140625,134.5,2.09140625,133.5,2.333333333,139.5
Energy efficient secure computation offloading in NOMA-Based mMTC networks for IoT,2019,117,Google Scholar,12/09/2026,IEEE Internet of Things Journal ,Q1,Q1/Q2,Joint computation and communication resource allocation for secrecy energy efficiency (SEE) maximization in task offloading,Modified Technique,Task Offloading,Simulation,14.625,1.45703125,3,2,2,2.114257813,129.5,1.9828125,131.5,2.29140625,128.5,2.09140625,134.5,2.09140625,133.5,2.333333333,139.5
"Energy Efficient Real-Time Tasks Scheduling on
High-Performance Edge-Computing Systems
Using Genetic Algorithm",2024,41,Google Scholar,12/09/2026,IEEE Access,Q1,Q1/Q2,GA-FiFeS (Genetic Algorithm combined with First Feasible Speed),Modified Technique,Routing Optimization,Simulation,13.66666667,1.427083333,3,2,2,2.106770833,131,1.970833333,133,2.285416667,130,2.085416667,136,2.085416667,135,2.333333333,139.5
Power consumption reduction for IoT devices thanks to Edge-AI: Application to human activity recognition,2023,52,Google Scholar,12/09/2026,Internet of things,Q1,Q1/Q2,Deep Convolutional Neural Network (DCNN),Minor Contribution,Hardware / Architecture Modifications,Real World Implementation,13,1.40625,3,1,3,2.1015625,132,1.9625,134,2.28125,131,1.88125,166,2.28125,57,2.333333333,139.5
Energy-Efficient Integrated Sensing and Communication: A Multi-Access Edge Computing Design,2023,49,Google Scholar,12/09/2026,IEEE Communications Letters,Q1,Q1/Q2,"DC programming, bisection search",Modified Technique,Routing Optimization,Simulation,12.25,1.3828125,3,2,2,2.095703125,133,1.953125,135,2.2765625,132,2.0765625,137,2.0765625,136,2.333333333,139.5
Energy-Efficient Resource Allocation in Mobile Edge Computing Using NOMA and Massive MIMO,2025,24,Google Scholar,12/09/2026,IEEE Access,Q1,Q1/Q2,"SMUSC, K-means, CCCP, IPSBA",Modified Technique,Clustering,Simulation,12,1.375,3,2,2,2.09375,134.5,1.95,136.5,2.275,133.5,2.075,138.5,2.075,137.5,2.333333333,139.5
"Energy-efficient task allocation for reliable parallel computation of
cluster-based wireless sensor network in edge computing",2023,48,Google Scholar,12/09/2026,Digital Communications and Networks,Q1,Q1/Q2,Hybrid Genetic Algorithm and Ant Colony Optimization (GA-ACO),Modified Technique,Routing Optimization,Simulation,12,1.375,3,2,2,2.09375,134.5,1.95,136.5,2.275,133.5,2.075,138.5,2.075,137.5,2.333333333,139.5
Energy Efficient Edge Computing Enabled by Satisfaction Games and Approximate Computing,2021,70,Google Scholar,12/09/2026,IEEE Transactions on Green Communications and Networking,Q1,Q1/Q2,Satisfaction Games + Reinforcement Learning + Task Offloading,Modified Technique,Task Offloading,Simulation,11.66666667,1.364583333,3,2,2,2.091145833,136,1.945833333,138,2.272916667,135,2.072916667,140,2.072916667,139,2.333333333,139.5
"Energy-Efficient Method for Wireless Sensor Networks Low-Power Radio Operation in Internet of Things.
",2020,78,Google Scholar,12/09/2026,Electronics,Q2,Q1/Q2,Lightweight Clear Channel Assessment (LW-CCA).,Modified Technique,Communication Protocol Optimization,Simulation,11.14285714,1.348214286,3,2,2,2.087053571,137,1.939285714,139,2.269642857,136,2.069642857,141,2.069642857,140,2.333333333,139.5
Energy-Efficient Resource Management for Multi-UAV-Enabled Mobile Edge Computing,2024,33,Google Scholar,12/09/2026,IEEE Transactions on Multimedia,Q1,Q1/Q2,SCA-based joint optimization,Modified Technique,Task Offloading,Simulation,11,1.34375,3,2,2,2.0859375,138,1.9375,140,2.26875,137,2.06875,142,2.06875,141,2.333333333,139.5
Two-Stage Deep Energy Optimization in IRS-Assisted UAV-Based Edge Computing Systems,2024,29,Google Scholar,12/09/2026,IEEE Transactions on Mobile Computing,Q1,Q1/Q2,"IOPO, WOA, deep optimization",Modified Technique,Routing Optimization,Simulation,9.666666667,1.302083333,3,2,2,2.075520833,139,1.920833333,141,2.260416667,138,2.060416667,143,2.060416667,142,2.333333333,139.5
An Enhanced Energy Efficient Lightweight Cryptography Method for various IoT Devices,2021,57,Google Scholar,12/09/2026,ICT Express,Q1,Q1/Q2,"The proposed model, Enhanced Energy-Efficient Lightweight Cryptography Method (E³LCM), leverages 8-bit manipulation techniques to ensure secure data transmission in IoT devices.


",Modified Technique,Security Aware Energy Optimization,Simulation,9.5,1.296875,3,2,2,2.07421875,140,1.91875,142,2.259375,139,2.059375,144,2.059375,143,2.333333333,139.5
Energy‑efficient offloading and resource allocation for mobile edge computing enabled mission‑critical internet‑of‑things systems,2021,55,Google Scholar,12/09/2026,Eurasip Journal on Wireless Communications and Networking,Q2,Q1/Q2,"Joint offloading, resource allocation",Modified Technique,Routing Optimization,Simulation,9.166666667,1.286458333,3,2,2,2.071614583,141,1.914583333,143,2.257291667,140,2.057291667,145,2.057291667,144,2.333333333,139.5
An intelligent approach for energy efficient trajectory design for mobile sink based IoT supported wireless sensor networks,2019,71,Google Scholar,12/09/2026,Peer-to-Peer Networking and Applications,Q2,Q1/Q2,"Neuro Fuzzy Emperor Penguin Optimization(NF-EPO) Approach, ANFIS, EPO Algorithm",Modified Technique,Clustering,Simulation,8.875,1.27734375,3,2,2,2.069335938,142.5,1.9109375,144,2.25546875,142,2.05546875,146.5,2.05546875,145,2.333333333,139.5
An energy efficient IoT data compression approach for edge machine learning,2019,327,Google Scholar,12/09/2026,Future Generation Computer Systems,Q1,Q1/Q2,"SZ compression, FFNN",Modified Technique,Data Reduction,Limited Validation,40.875,2.27734375,3,2,1,2.069335938,142.5,2.1109375,74,2.25546875,141,2.05546875,146.5,1.85546875,165,2,170
"Collision Avoidance Adaptive Data Rate Algorithm for LoRaWAN.
",2024,25,Google Scholar,12/09/2026,Future Internet,Q1,Q1/Q2,SSFIR-ADR,Modified Technique,Communication Protocol Optimization,Simulation,8.333333333,1.260416667,3,2,2,2.065104167,144,1.904166667,145,2.252083333,143,2.052083333,148,2.052083333,146,2.333333333,139.5
A Novel Routing Protocol for Low-Energy Wireless Sensor Networks,2022,39,Google Scholar,12/09/2026,Journal of Sensors,Q2,Q1/Q2,Opportunistic Energy-Efficient Routing Protocol (OEERP) sleep scheduling,Modified Technique,Routing Optimization,Simulation,7.8,1.24375,3,2,2,2.0609375,145,1.8975,146,2.24875,144,2.04875,149,2.04875,147,2.333333333,139.5
Energy-Aware Selective Inference Task Offloading for Real-Time Edge Computing Applications,2024,23,Google Scholar,12/09/2026,IEEE Access,Q1,Q1/Q2,"1. Lightweight Genetic Algorithm-based scheduler (LITS)
2. SARSA-RL server selection",New Technique,Task Offloading,Limited Validation,7.666666667,1.239583333,3,3,1,2.059895833,146,1.895833333,147,2.247916667,145,2.247916667,114,1.847916667,166,2.333333333,139.5
"A Fuzzy-Logic Based Adaptive Data Rate Scheme for
Energy-Efficient LoRaWAN Communication.
",2022,35,Google Scholar,12/09/2026,Journal of Sensor and Actuator Networks,Q1,Q1/Q2,FL-ADR: Fuzzy-Logic Based Adaptive Data Rate scheme.,Modified Technique,Communication Protocol Optimization,Simulation,7,1.21875,3,2,2,2.0546875,147,1.8875,148,2.24375,146,2.04375,150,2.04375,148,2.333333333,139.5
Fuzzy Based Sleep Scheduling Algorithm with Machine Learning Techniques to Enhance Energy Efficiency in Wireless Sensor Networks,2021,41,Google Scholar,12/09/2026,Wireless Personal Communications,Q2,Q1/Q2,Fuzzy logic-based cluster update/sleep cycle scheduling & ML for reduced transmission,Modified Technique,Clustering,Simulation,6.833333333,1.213541667,3,2,2,2.053385417,148,1.885416667,150,2.242708333,147,2.042708333,151,2.042708333,149,2.333333333,139.5
"Efficiency Enhancement of a Hybrid Sustainable Energy
Harvesting System Using HHHOPSO-MPPT for IoT Devices
",2023,27,Google Scholar,12/09/2026,Sustainability,Q1,Q1/Q2,"Hybrid solar-wind system equipped with a SEPIC converter

Combining HHO and PSO optimization algorithms to extract maximum power",Modified Technique,Energy Harvesting,Simulation,6.75,1.2109375,3,2,2,2.052734375,149,1.884375,151,2.2421875,148,2.0421875,152,2.0421875,150,2.333333333,139.5
Energy-efficient computation offloading strategy with tasks scheduling in edge computing,2021,36,Google Scholar,12/09/2026,Wireless Networks,Q2,Q1/Q2,"DPESO, dynamic programming, Jackson algorithm",Modified Technique,Routing Optimization,Simulation,6,1.1875,3,2,2,2.046875,150.5,1.875,152.5,2.2375,149.5,2.0375,153.5,2.0375,151.5,2.333333333,139.5
Enhanced Centroid-Based Energy-Efficient Clustering Routing Protocol for Serverless Based Wireless Sensor Networks,2024,18,Google Scholar,12/09/2026,Journal of King Saud University - Computer and Information Sciences,Q1,Q1/Q2,Enhanced Centroid-based Energy Efficient Clustering (ECEEC),Modified Technique,Clustering,Simulation,6,1.1875,3,2,2,2.046875,150.5,1.875,152.5,2.2375,149.5,2.0375,153.5,2.0375,151.5,2.333333333,139.5
Asymmetrical training scheme of binary-memristor-crossbar-based neural networks for energy-efficient edge-computing nanoscale systems.,2019,40,Google Scholar,12/09/2026,Micromachines,Q2,Q1/Q2,Asymmetrical Training Scheme (Coarse HRS / Fine LRS programming),New Technique,Data Reduction,Limited Validation,5,1.15625,3,3,1,2.0390625,152,1.8625,154,2.23125,151,2.23125,115,1.83125,167,2.333333333,139.5
Energy-Efficient Task Migration and Path Planning in UAV-Enabled Mobile Edge Computing System,2022,24,Google Scholar,12/09/2026,Complexity,Q2,Q1/Q2,"EDTM, task migration, ACO-based",Modified Technique,Routing Optimization,Simulation,4.8,1.15,3,2,2,2.0375,153,1.86,155,2.23,152,2.03,155,2.03,153,2.333333333,139.5
"Leveraging Larger AES Keys in LoRaWAN: A Practical Evaluation of Energy and Time Costs.
",2023,19,Google Scholar,12/09/2026,Sensors,Q1,Q1/Q2,"Modification of LoRaWAN end device and server code to support AES-192 and AES-256, with empirical and mathematical analysis.",Minor Contribution,Security Aware Energy Optimization,Real World Implementation,4.75,1.1484375,3,1,3,2.037109375,154,1.859375,156,2.2296875,153,1.8296875,169,2.2296875,89,2.333333333,139.5
Energy efficient edge-of-things,2019,37,Google Scholar,12/09/2026,Eurasip Journal on Wireless Communications and Networking,Q2,Q1/Q2,Dynamic speed scaling,Modified Technique,Data Reduction,Simulation,4.625,1.14453125,3,2,2,2.036132813,155,1.8578125,157,2.22890625,154,2.02890625,156,2.02890625,154,2.333333333,139.5
A Deviceless Edge Computing Approach for Streaming IoT Applications,2019,35,Google Scholar,12/09/2026,IEEE Internet Computing,Q1,Q1/Q2,Deviceless edge computing architecture with horizontal task offloading and distributed scheduling,New Technique,Task Offloading,Limited Validation,4.375,1.13671875,3,3,1,2.034179688,156,1.8546875,158,2.22734375,155,2.22734375,116,1.82734375,168,2.333333333,139.5
Intelligent energy optimization for advanced IoT analytics edge computing on wireless sensor networks,2020,30,Google Scholar,12/09/2026,International Journal of Distributed Sensor Networks,Q2,Q1/Q2,"DEEC-KSA, clustering, metaheuristic",Modified Technique,Clustering,Simulation,4.285714286,1.133928571,3,2,2,2.033482143,157,1.853571429,159,2.226785714,156,2.026785714,157,2.026785714,155,2.333333333,139.5
Fuzzy Based Energy Efficient Multiple Cluster Head Selection Routing Protocol for Wireless Sensor Networks,2015,51,Google Scholar,12/09/2026,International Journal of Computer Network and Information Security,Q3,Q3/Q4/Reputed Conference,Fuzzy-based CH/CH-Leader selection and Dijkstra shortest energy path,New Technique,Clustering,Simulation,4.25,1.1328125,2,3,2,2.033203125,158,1.853125,160,2.0265625,170,2.2265625,117,2.0265625,156,2.333333333,139.5
Efficiency Near the Edge: Increasing the Energy Efficiency of FFTs on GPUs for Real-Time Edge Computing,2021,25,Google Scholar,12/09/2026,IEEE Access,Q1,Q1/Q2,"DFS, frequency scaling",Minor Contribution,Data Reduction,Real World Implementation,4.166666667,1.130208333,3,1,3,2.032552083,159,1.852083333,161,2.226041667,157,1.826041667,170,2.226041667,94,2.333333333,139.5
Online optimization of intelligent reflecting surface-aided energy-efficient IoT-edge computing,2023,16,Google Scholar,12/09/2026,Future Generation Computer Systems,Q1,Q1/Q2,"LSDR, Lyapunov optimization, SDR",Modified Technique,Energy Harvesting,Simulation,4,1.125,3,2,2,2.03125,160,1.85,162,2.225,158,2.025,158,2.025,157,2.333333333,139.5
Hybrid energy-efficient algorithm for efficient Internet of Things deployment,2022,19,Google Scholar,12/09/2026,Sustainable Computing: Informatics and Systems,Q1,Q1/Q2,Hybrid optimization using PT + CS for job scheduling and optimal path search,Modified Technique,Routing Optimization,Simulation,3.8,1.11875,3,2,2,2.0296875,161,1.8475,163,2.22375,159,2.02375,159,2.02375,158,2.333333333,139.5
A Mobile Edge Computing Model Enabling Efficient Computation Offload-Aware Energy Conservation,2019,28,Google Scholar,12/09/2026,IEEE Access,Q1,Q1/Q2,"Collaborative recommendation, M2M offloading",Modified Technique,Routing Optimization,Simulation,3.5,1.109375,3,2,2,2.02734375,162,1.84375,164,2.221875,160,2.021875,160,2.021875,160,2.333333333,139.5
Energy Efficient Cyber-Physical Control of Renewable Microgrids Using Edge-AI Enabled IoT and Secure Blockchain Coordination,2026,3,Google Scholar,12/09/2026,Scientific Reports,Q1,Q1/Q2,Spiking Neural Networks (SNN) edge-AI for fault detection and Hyperledger Fabric blockchain for transaction validation,New Technique,Security Aware Energy Optimization,Limited Validation,3,1.09375,3,3,1,2.0234375,163,1.8375,165,2.21875,161,2.21875,118,1.81875,169,2.333333333,139.5
EdgeEye: A Long-Range Energy-Efficient Vision Node For Long-Term Edge Computing,2019,21,Google Scholar,12/09/2026,"2019 10th International Green and Sustainable Computing Conference, IGSC 2019",Scopus Indexed (Aug 2026),Q3/Q4/Reputed Conference,"Ultra-low-power hardware (GAP8), on-device CNN inference, duty cycling, power gating, low-resolution grayscale imaging",Modified Technique,Hardware / Architecture Modifications,Real World Implementation,2.625,1.08203125,2,2,3,2.020507813,164,1.8328125,166,2.01640625,171,2.01640625,161,2.21640625,101,2.333333333,139.5
Energy Efficient Modified TDMA Schedule for Reducing Energy Consumption in Wireless Sensor Networks,2026,2,Google Scholar,12/09/2026,Discover Applied Sciences,Q2,Q1/Q2,Energy-Efficient Modified TDMA (EEM-TDMA),Modified Technique,Communication Protocol Optimization,Simulation,2,1.0625,3,2,2,2.015625,165,1.825,167,2.2125,162,2.0125,162,2.0125,161,2.333333333,139.5
"Energy Coherent Fog Networks Using Multi-Sink
Wireless Sensor Networks",2021,11,Google Scholar,12/09/2026,IEEE Access,Q1,Q1/Q2,"WNS, EBA, HHO, and MHHO",Modified Technique,Routing Optimization,Simulation,1.833333333,1.057291667,3,2,2,2.014322917,166,1.822916667,168,2.211458333,163,2.011458333,163,2.011458333,162,2.333333333,139.5
Optimizing Energy Efficiency in Wireless Sensor Networks through Advanced Cluster-Based Routing Protocols,2026,1,Google Scholar,12/09/2026,Scientific Reports,Q1,Q1/Q2,Modified threshold-based CH selection (energy & distance-aware),Modified Technique,Clustering,Simulation,1,1.03125,3,2,2,2.0078125,167,1.8125,169,2.20625,165,2.00625,164,2.00625,163,2.333333333,139.5
Mobile edge computing empowered energy efficient task offloading in 5G,2018,284,Google Scholar,12/09/2026,IEEE Transactions on Vehicular Technology,Q1,Q1/Q2,AFSA-based computation offloading optimization,Minor Contribution,Task Offloading,Simulation,31.55555556,1.986111111,3,1,2,1.996527778,168,1.994444444,127,2.197222222,166,1.797222222,172,1.997222222,164,2,170
Edge Computing AI-IoT Integrated Energy-efficient Intelligent Transportation System for Smart Cities,2022,115,Google Scholar,12/09/2026,ACM Transactions on Internet Technology,Q1,Q1/Q2,"MAS, RBF-NN, prediction model",Modified Technique,Routing Optimization,Limited Validation,23,1.71875,3,2,1,1.9296875,169,1.8875,149,2.14375,167,1.94375,165,1.74375,171,2,170
Energy Efficient and Side-Channel Secure Cryptographic Hardware for IoT-Edge Nodes. ,2019,67,Google Scholar,12/09/2026,IEEE Internet of Things Journal ,Q1,Q1/Q2,Round-Unrolled Datapath Architecture for SIMON128 Lightweight Block Cipher ,Modified Technique,Security Aware Energy Optimization,Limited Validation,8.375,1.26171875,3,2,1,1.815429688,170,1.7046875,170,2.05234375,168,1.85234375,167,1.65234375,172,2,170
An Energy-Efficient Edge Computing Framework for Decentralized Sensing in WSN-Assisted IoT,2021,48,Google Scholar,12/09/2026,IEEE Transactions on wireless communications,Q1,Q1/Q2,"PCA-SBL, decentralized selection, MBS",Modified Technique,Clustering,Limited Validation,8,1.25,3,2,1,1.8125,171,1.7,171,2.05,169,1.85,168,1.65,173,2,170
Energy-aware Mobile Edge Computing for Low-Latency Visual Data Processing,2017,37,Google Scholar,12/09/2026,"Proceedings - 2017 IEEE 5th International Conference on Future Internet of Things and Cloud, FiCloud 2017",Scopus Indexed (Aug 2026),Q3/Q4/Reputed Conference,Policy-based computation offloading in Mobile Edge Computing with facial recognition processing (Eigenfaces + HOG).,Minor Contribution,Task Offloading,Real World Implementation,3.7,1.115625,2,1,3,1.77890625,172,1.64625,172,1.823125,172,1.623125,173,2.023125,159,2,170
"Extending Battery Life for Wi-Fi-Based IoT Devices: Modeling,
Strategies, and Algorithm
",2021,9,Google Scholar,12/09/2026,Proceedings of the 19th ACM International Symposium on Mobility Management and Wireless Access,Scopus Indexed (Aug 2026),Q3/Q4/Reputed Conference,"1.The proposed model in this study is a standard-compliant client-side cross-layer power-saving optimization algorithm designed for Wi-Fi-enabled IoT devices, specifically addressing sparse, periodic uplink traffic scenarios. This algorithm optimizes power consumption.",Modified Technique,Communication Protocol Optimization,Simulation,1.5,1.046875,2,2,2,1.76171875,173,1.61875,173,1.809375,173,1.809375,171,1.809375,170,2,170
Energy efficient opportunistic edge computing for the Internet of Things,2019,15,Google Scholar,12/09/2026,Web Intelligence,Q4,Q3/Q4/Reputed Conference,"MAS, mobile agents",Modified Technique,Routing Optimization,Limited Validation,1.875,1.05859375,2,2,1,1.514648438,174,1.4234375,174,1.61171875,174,1.61171875,174,1.41171875,174,1.666666667,174